CREATE USER IF NOT EXISTS 'testuser'@'%' IDENTIFIED BY 'user';
GRANT ALL PRIVILEGES ON clothesShop.* TO 'testuser'@'%' ;
drop database if exists  clothesShop;
create database clothesShop;
use clothesShop;

SET NAMES utf8mb4; -- encoding


-- create table 
drop table if exists  category;
create table category (
	id varchar(4) not null,
    category_name nvarchar(150) default 'default',
    category_slug varchar(40)  unique not null,
    p_category_id varchar(4)  references category(id) ,
    
    primary key (id)
); 
-- DROP INDEX  idx_pid  ON category;
alter table category add index idx_pid(p_category_id);
-- Explain select * from category where p_category_id = 3 or p_category_id = 2 or p_category_id = 5;
drop table if exists  role;
create table role (
	id int not null auto_increment primary key ,
    role_name varchar(10) 
);

drop table if exists  user;
create table user (
	id varchar(15) not null primary key ,
    email varchar(254) ,
    password varchar(60),
    role_id int  default 1 references role(id)
);
Alter table user add index idx_email (email);

-- alter table user auto_increment = 1;

-- Product
drop table if exists product;
create table product (
	-- id int auto_increment,
    pId varchar(13) not null primary key,
	title varchar(50) not null,
    slug varchar(60) unique not null,
    description TEXT ,
    price int ,
    sold int,
    category_id varchar(4) references category(id)
);
-- ALTER TABLE product MODIFY COLUMN description TEXT CHARACTER SET utf8mb4 COLLATE utf8mb4_unicode_ci;-- 
alter table product add index idx_pSlug(slug); 
drop table if exists item;
create table item (
	itemId varchar(13) not null primary key ,
	pId varchar(13) not null references product(pid), 
    url varchar(200) not null,
    thumbUrl varchar(200) not null,
    colorName varchar(20) not null,
    colorCode varchar(7) not null
   --  primary key (itemId,pId)
);
alter table item add unique index idx_prod(pid,colorCode);
drop table if exists size;
create table size (
	sizeId varchar(6) not null primary key,
    sizeName  varchar(20) not null
);
drop table if exists inventory;
create table inventory (
	itemId varchar(13) references product(pId),
 	sizeId varchar(6) references size(sizeId),
	quantity int ,
    primary key(itemId, sizeId)
);

-- <<<<<<<<<<<<<<<<<<<<<<<<< PROC >>>>>>>>>>>>>>>>>>>>>>>>>>>
-- Procedure 
DROP PROCEDURE IF EXISTS proc_getCategories;
delimiter //
CREATE PROCEDURE proc_getCategories()
begin
	
	SELECT json_arrayagg( JSON_OBJECT(
		'id', c.id, 
        'category_name', c.category_name, 
        'category_slug', c.category_slug,
       'sub_category' ,(select  json_arrayagg(
				JSON_OBJECT(
						'id', sc.id, 
						'category_name', sc.category_name, 
						'category_slug', sc.category_slug
				) 
        ) from  category sc where sc.p_category_id = c.id )
        )) 'data'  from  category c where c.p_category_id = 'c01';
       
end//
delimiter ;


DROP PROCEDURE IF EXISTS proc_getProducts;
delimiter //
CREATE PROCEDURE proc_getProducts()
begin
	SELECT  p.pId,title,slug,description, price, sold, category_id, ( 
			SELECT JSON_ARRAYAGG(
				JSON_OBJECT(
					'url',url,
					'thumbUrl', thumbUrl,
                    'itemId',itemId,
                    'colorName',colorName,
                    'colorCode',colorCode,
                    'inventory', (SELECT JSON_ARRAYAGG(
						JSON_OBJECT(
							'itemId', inventory.itemId,
                            'pId', p.pId,
							'sizeId',s.sizeId,
                            'sizeName', s.sizeName,
                            'quantity', inventory.quantity
                        )) from inventory join size s on inventory.sizeId = s.sizeId where  inventory.itemId = i.itemId
                    )
				)
			)  from item i where  i.pId = p.pId
        ) 'collections' from product p order by category_id ;
end//
delimiter ;
--
DROP PROCEDURE IF EXISTS proc_insertUser;
delimiter //
CREATE PROCEDURE proc_insertUser(
	email varchar(254),
    password varchar(60)
)
begin
	insert into user values(null,email,password,default);
    SELECT * from user where id = LAST_INSERT_ID(); 
       
end//
delimiter ;

-- call proc_insertUser('12','2');
insert into category values 
('c01', 'Danh mục', 'all', 'c00'),
('c02', 'Áo', 'ao', 'c01'),
('c03', 'Áo khoác', 'ao-khoac', 'c01'),
('c04', 'Quần', 'quan', 'c01'),
('c05', 'Set', 'set', 'c01'),
('c06', 'Chân váy', 'chan-vay', 'c01'),
('c07', 'Váy đầm', 'vay-dam', 'c01'),
('c08', 'Áo Crotop', 'ao-croptop', 'c02'),
('c09', 'Áo dài', 'ao-dai', 'c02'),
('c10', 'Áo Ghile', 'ao-ghile', 'c02'),
('c11', 'Áo Hoodies', 'ao-hoodies', 'c02'),
('c12', 'Áo kiểu', 'ao-kieu', 'c02'),
('c13', 'Áo Polo', 'ao-polo', 'c02'),
('c14', 'Áo sơ mi', 'ao-somi', 'c02'),
('c15', 'Áo thun', 'ao-thun', 'c02'),
('c16', 'Áo Mangto', 'ao-mangto', 'c03'),
('c17', 'Khoác Cadigan', 'khoac-cadigan', 'c03'),
('c18', 'Khoác Kaki', 'khoac-kaki', 'c03'),
('c19', 'Khoác Kiểu', 'khoac-kieu', 'c03'),
('c20', 'Quần Dài', 'quan-dai', 'c04'),
('c21', 'Quần Jean', 'quan-jean', 'c04'),
('c22', 'Quần Kaki', 'quan-kaki', 'c04'),
('c23', 'Quần Legging', 'quan-legging', 'c04'),
('c24', 'Quần Short', 'quan-short', 'c04'),
('c25', 'Quần Tây', 'quan-tay', 'c04'),
('c26', 'Set Quần', 'set-quan', 'c05'),
('c27', 'Set Váy', 'set-vay', 'c05'),
('c28', 'Chân váy Bút Chì', 'chan-vay-but-chi', 'c06'),
('c29', 'Chân Váy Chữ A', 'chan-vay-chu-a', 'c06'),
('c30', 'Chân Váy Xếp Ly', 'chan-vay-xep-ly', 'c06'),
('c31', 'Chân Váy Xòe', 'chan-vay-xoe', 'c06'),
('c32', 'Váy 2 Dây', 'vay-2-day', 'c07'),
('c33', 'Váy Babydoll', 'vay-babydoll', 'c07'),
('c34', 'Váy Chữ A', 'vay-chu-a', 'c07'),
('c35', 'Váy Dài', 'vay-dai', 'c07'),
('c36', 'Váy Đuôi Cá', 'vay-duo-ica', 'c07'),
('c37', 'Váy Polo', 'vay-polo', 'c07'),
('c38', 'Váy Thiết Kế', 'vay-thiet-ke', 'c07'),
('c39', 'Váy Yếm', 'vay-yem', 'c07');


insert into role values
(null,'User'),
(null,'Admin');





insert into product (pId,title,slug,description,price,sold,category_id)
values 
('N6p09GB8LCweE', 'Áo Khoác Mangto Dáng Dài', 'ao-khoac-mangto-dang-dai', '<p><strong>* THÔNG TIN SẢN PHẨM:</strong></p> <p>- Tên sản phẩm:&nbsp;Áo Khoác Măngtô Dáng Dài</p> <p>- Độ tuổi: &gt; 12&nbsp;tuổi</p> <p>- Phù hợp: Mặc đi học, đi làm, đi chơi,&nbsp;ở nhà.</p> <p>- Chất liệu: Vải kaki</p> <p>- Màu sắc: Kem/ Nâu/ Be</p> <p>- Họa tiết: Trơn</p> <p>- Xuất xứ: Tự thiết kế và sản xuất bởi FM Style tại Việt Nam&nbsp;</p> <p>- Cam kết 100% chất lượng từ chất vải đến đường chỉ, phát hiện lỗi được hoàn trả miễn phí.</p> <p>&nbsp;</p> <p><strong>* HƯỚNG DẪN CHỌN SIZE CHO BẠN</strong></p> <p>- Freesize &lt; 65kg, chiều cao &lt;180cm</p> <p>Hướng dẫn chọn size ở trên chỉ mang tính chất tham khảo tương đối, tuỳ vào chiều cao và số đo cơ thể mà bạn có thể thay đổi&nbsp;để chọn đúng size sản phẩm phù hợp.</p> <p>&nbsp;</p> <p><strong>* HƯỚNG DẪN BẢO QUẢN VÀ SỬ DỤNG</strong></p> <p>- Lần đầu chỉ xả nước lạnh rồi phơi khô để đảm bảo chất và màu của sản phẩm.</p> <p>- Nhớ lộn trái sản phẩm khi giặt và không giặt ngâm.</p> <p>- Không giặt máy trong 2 tuần đầu.</p> <p>- Không sử dụng thuốc tẩy.</p> <p>- Khi phơi lộn trái và không phơi trực tiếp dưới ánh nắng mặt trời.</p>', '446250', '0', 'c16'),
('N6p0f5A7qfA1k', 'Áo Kiểu Nữ Tay Phồng Nút Ngọc', 'ao-kieu-nu-tay-phong-nut-ngoc', '<p><strong>* THÔNG TIN SẢN PHẨM</strong></p> <p>- Tên sản phẩm:&nbsp;Áo Kiểu Nữ Tay Phồng Nút Ngọc</p> <p>- Phù hợp: Mặc đi học, đi làm, đi chơi.</p> <p>- Chất liệu: Vải thô</p> <p>- Bảng màu: Đen/ Trắng/ Đỏ/ Be</p> <p>- Họa tiết: Trơn</p> <p>- Xuất xứ: Sản phẩm tự thiết kế và sản xuất bởi FM Style tại Việt Nam</p> <p>- Cam kết 100% chất lượng từ chất vải đến đường chỉ, phát hiện lỗi được hoàn trả miễn phí.</p> <p>&nbsp;</p> <p><strong>* HƯỚNG DẪN CHỌN SIZE CHO BẠN</strong></p> <p>- Size S : 40kg - 48kg<br> - Size M : 49kg - 57kg</p> <p>Đơn vị đo: cm</p> <p>Hướng dẫn chọn size ở trên chỉ mang tính chất tham khảo tương đối, tuỳ vào chiều cao và số đo cơ thể mà bạn có thể thay đổi&nbsp;để chọn đúng size sản phẩm phù hợp.</p> <p>&nbsp;</p> <p><strong>* HƯỚNG DẪN BẢO QUẢN VÀ SỬ DỤNG</strong></p> <p>- Lần đầu chỉ xả nước lạnh rồi phơi khô để đảm bảo chất và màu của sản phẩm.</p> <p>- Nhớ lộn trái sản phẩm khi giặt và không giặt ngâm.</p> <p>- Không giặt máy trong 2 tuần đầu.</p> <p>- Không sử dụng thuốc tẩy - Khi phơi lộn trái và không phơi trực tiếp dưới ánh nắng mặt trời.</p>', '165750', '0', 'c12'),
('N6p1l1yWvkERF', 'Áo Hoodie Cổ Tròn Trơn', 'ao-hoodie-co-tron-tron', '<p><strong>* THÔNG TIN SẢN PHẨM</strong></p> <p>- Tên sản phẩm:<strong>&nbsp;</strong>Áo Hoodie Nữ Cổ Tròn Trơn</p> <p>- Độ tuổi: &gt; 12&nbsp;tuổi</p> <p>- Phù hợp: Mặc đi học, đi làm, đi chơi.</p> <p>- Chất liệu: Vải nỉ</p> <p>- Màu sắc: Nhiều màu</p> <p>- Họa tiết: Trơn in chữ</p> <p>- Xuất xứ: Sản phẩm tự thiết kế và sản xuất bởi FM Style tại Việt Nam</p> <p>- Cam kết 100% chất lượng từ chất vải đến đường chỉ, phát hiện lỗi được hoàn trả miễn phí.</p> <p>&nbsp;</p> <p><strong>* HƯỚNG DẪN CHỌN SIZE CHO BẠN</strong></p> <p>- Size M: &lt;50kg</p> <p>- Size L: 50 - 56kg</p> <p>- Size XL: 56&nbsp;- 62kg</p> <p>Hướng dẫn chọn size ở trên chỉ mang tính chất tham khảo tương đối, tuỳ vào chiều cao và số đo cơ thể mà bạn có thể thay đổi&nbsp;để chọn đúng size sản phẩm phù hợp.</p> <p>&nbsp;</p> <p><strong>* HƯỚNG DẪN BẢO QUẢN VÀ SỬ DỤNG</strong></p> <p>- Lần đầu chỉ xả nước lạnh rồi phơi khô để đảm bảo chất và màu của sản phẩm nhé</p> <p>- Nhớ lộn trái sản phẩm khi giặt và không giặt ngâm</p> <p>- Không giặt máy trong 2 tuần đầu</p> <p>- Không sử dụng thuốc tẩy - Khi phơi lộn trái và không phơi trực tiếp dưới ánh nắng mặt trời.</p>', '169150', '0', 'c11'),
('N6p1NRxsuKCtA', 'Áo Thun Gân Croptop', 'ao-thun-gan-croptop', '<p><strong>* THÔNG TIN SẢN PHẨM</strong></p> <p>- Tên sản phẩm:&nbsp;Áo Thun Gân Croptop&nbsp;</p> <p>- Phù hợp: Mặc&nbsp;đi chơi, ở nhà</p> <p>- Chất liệu: Vải thun gân</p> <p>- Bảng màu: Đen/ Trắng/ Nâu/ Hồng/ Xanh ngọc/ Be/ Xanh biển</p> <p>- Họa tiết: Trơn</p> <p>- Xuất xứ: Sản phẩm tự thiết kế và sản xuất bởi FM Style tại Việt Nam</p> <p>- Cam kết 100% chất lượng từ chất vải đến đường chỉ, phát hiện lỗi được hoàn trả miễn phí.</p> <p>&nbsp;</p> <p><strong>* HƯỚNG DẪN CHỌN SIZE CHO BẠN</strong></p> <p>- Free size &lt;58kg, chiều cao &lt;175cm</p> <p>Hướng dẫn chọn size ở trên chỉ mang tính chất tham khảo tương đối, tuỳ vào chiều cao và số đo cơ thể mà bạn có thể thay đổi&nbsp;để chọn đúng size sản phẩm phù hợp.</p> <p>&nbsp;</p> <p><strong>* HƯỚNG DẪN BẢO QUẢN VÀ SỬ DỤNG</strong></p> <p>- Lần đầu chỉ xả nước lạnh rồi phơi khô để đảm bảo chất và màu của sản phẩm.</p> <p>- Nhớ lộn trái sản phẩm khi giặt và không giặt ngâm.</p> <p>- Không giặt máy trong 2 tuần đầu.</p> <p>- Không sử dụng thuốc tẩy - Khi phơi lộn trái và không phơi trực tiếp dưới ánh nắng mặt trời.</p>', '101150', '0', 'c08'),
('N6p3iVnvJPstw', 'Áo Polo Nữ In Chữ MRNEARLY', 'ao-polo-nu-in-chu-mrnearly', '<p><strong>* THÔNG TIN SẢN PHẨM</strong></p> <p>- Tên sản phẩm:&nbsp;Áo Thun Polo In Chữ MRNEARLY 20773</p> <p>- Phù hợp: Mặc đi học, đi làm, đi chơi.</p> <p>- Chất liệu: Vải thun</p> <p>- Bảng màu: Trắng/ Xám/ Xanh dương/ Xanh rêu</p> <p>- Họa tiết: Trơn in hình</p> <p>- Xuất xứ: Sản phẩm tự thiết kế và sản xuất bởi FM Style tại Việt Nam</p> <p>- Cam kết 100% chất lượng từ chất vải đến đường chỉ, phát hiện lỗi được hoàn trả miễn phí.a</p> <p>&nbsp;</p> <p><strong>* HƯỚNG DẪN CHỌN SIZE CHO BẠN</strong></p> <p>- Free size &lt;64kg, chiều cao &lt;175cm</p> <p>Hướng dẫn chọn size ở trên chỉ mang tính chất tham khảo tương đối, tuỳ vào chiều cao và số đo cơ thể mà bạn có thể thay đổi&nbsp;để chọn đúng size sản phẩm phù hợp.</p> <p>&nbsp;</p> <p><strong>* HƯỚNG DẪN BẢO QUẢN VÀ SỬ DỤNG</strong></p> <p>- Lần đầu chỉ xả nước lạnh rồi phơi khô để đảm bảo chất và màu của sản phẩm.</p> <p>- Nhớ lộn trái sản phẩm khi giặt và không giặt ngâm.</p> <p>- Không giặt máy trong 2 tuần đầu.</p> <p>- Không sử dụng thuốc tẩy - Khi phơi lộn trái và không phơi trực tiếp dưới ánh nắng mặt trời.</p>', '143650', '0', 'c13'),
('N6p3QrpMgzqKd', 'Váy Suông Dáng Dài Cổ Yếm Đuôi Cá', 'vay-suong-dang-dai-co-yem-djuoi-ca', '<p><strong>* THÔNG TIN SẢN PHẨM</strong></p> <p>- Tên sản phẩm:&nbsp;Váy Suông Dáng Dài Cổ Yếm Đuôi Cá</p> <p>- Độ tuổi: &gt; 13&nbsp;tuổi</p> <p>- Phù hợp: Mặc đi chơi, đi du lịch, đi biển, ở nhà.</p> <p>- Chất liệu: Vải voan</p> <p>- Màu sắc: Nhiều màu</p> <p>- Họa tiết: Trơn</p> <p>- Xuất xứ: Tự thiết kế và sản xuất tại Việt Nam</p> <p>- Cam kết 100% chất lượng từ chất vải đến đường chỉ, phát hiện lỗi được hoàn trả miễn phí.</p> <p><strong>* HƯỚNG DẪN CHỌN SIZE CHO BẠN </strong></p> <p>- Freesize &lt;63kg</p> <p><strong>* HƯỚNG DẪN BẢO QUẢN VÀ SỬ DỤNG</strong></p> <p>- Lần đầu đem về chỉ xả nước lạnh rồi phơi khô để đảm bảo chất và màu của sản phẩm nhé</p> <p>- Nhớ lộn trái sản phẩm khi giặt và không giặt ngâm</p> <p>- Không giặt máy trong 2 tuần đầu</p> <p>- Không sử dụng thuốc tẩy</p> <p>- Khi phơi lộn trái và không phơi trực tiếp dưới ánh nắng mặt trời</p>', '242250', '0', 'c39'),
('N6p3skrWzDYxv', 'Áo Kiểu Xốp Croptop Vạt Bầu', 'ao-kieu-xop-croptop-vat-bau', '<p><strong>* THÔNG TIN SẢN PHẨM</strong></p> <p>- Tên sản phẩm:&nbsp;Áo Kiểu Xốp Croptop Vạt Bầu</p> <p>- Phù hợp: Mặc&nbsp;đi chơi.</p> <p>- Chất liệu: Vải thô</p> <p>- Bảng màu: Trắng/ Be</p> <p>- Họa tiết: Trơn&nbsp;</p> <p>- Xuất xứ: Sản phẩm tự thiết kế và sản xuất bởi FM Style tại Việt Nam</p> <p>- Cam kết 100% chất lượng từ chất vải đến đường chỉ, phát hiện lỗi được hoàn trả miễn phí.</p> <p>&nbsp;</p> <p><strong>* HƯỚNG DẪN CHỌN SIZE CHO BẠN</strong></p> <p>- Freesize: chiều cao &lt;172cm, cân nặng &lt;57kg</p> <p>Đơn vị đo: cm</p> <p>Hướng dẫn chọn size ở trên chỉ mang tính chất tham khảo tương đối, tuỳ vào chiều cao và số đo cơ thể mà bạn có thể thay đổi&nbsp;để chọn đúng size sản phẩm phù hợp.</p> <p>&nbsp;</p> <p><strong>* HƯỚNG DẪN BẢO QUẢN VÀ SỬ DỤNG</strong></p> <p>- Lần đầu chỉ xả nước lạnh rồi phơi khô để đảm bảo chất và màu của sản phẩm.</p> <p>- Nhớ lộn trái sản phẩm khi giặt và không giặt ngâm.</p> <p>- Không giặt máy trong 2 tuần đầu.</p> <p>- Không sử dụng thuốc tẩy - Khi phơi lộn trái và không phơi trực tiếp dưới ánh nắng mặt trời.</p>', '165750', '0', 'c12'),
('N6p3uINh9spXs', 'Áo Thun Nữ Croptop Trễ Vai', 'ao-thun-nu-croptop-tre-vai', '<p><strong>* THÔNG TIN SẢN PHẨM</strong></p> <p>- Tên sản phẩm:&nbsp;Áo Thun Nữ Croptop Trễ Vai</p> <p>- Phù hợp: Mặc&nbsp;đi chơi, ở nhà</p> <p>- Chất liệu: Vải thun</p> <p>- Bảng màu: Đen/ Nâu/ Trắng/ Đỏ</p> <p>- Họa tiết: Trơn</p> <p>- Xuất xứ: Sản phẩm tự thiết kế và sản xuất bởi FM Style tại Việt Nam</p> <p>- Cam kết 100% chất lượng từ chất vải đến đường chỉ, phát hiện lỗi được hoàn trả miễn phí.</p> <p>&nbsp;</p> <p><strong>* HƯỚNG DẪN CHỌN SIZE CHO BẠN</strong></p> <p>- Free size &lt;58kg, chiều cao &lt;175cm</p> <p>Hướng dẫn chọn size ở trên chỉ mang tính chất tham khảo tương đối, tuỳ vào chiều cao và số đo cơ thể mà bạn có thể thay đổi&nbsp;để chọn đúng size sản phẩm phù hợp.</p> <p>&nbsp;</p> <p><strong>* HƯỚNG DẪN BẢO QUẢN VÀ SỬ DỤNG</strong></p> <p>- Lần đầu chỉ xả nước lạnh rồi phơi khô để đảm bảo chất và màu của sản phẩm.</p> <p>- Nhớ lộn trái sản phẩm khi giặt và không giặt ngâm.</p> <p>- Không giặt máy trong 2 tuần đầu.</p> <p>- Không sử dụng thuốc tẩy - Khi phơi lộn trái và không phơi trực tiếp dưới ánh nắng mặt trời.</p>', '109650', '0', 'c08'),
('N6p3wA2mQwwQ9', 'Áo Thun Nữ Tay Ngắn In Chữ M', 'ao-thun-nu-tay-ngan-in-chu-m', '<p><strong>* THÔNG TIN SẢN PHẨM</strong></p> <p>- Tên sản phẩm:&nbsp;Áo Thun Nữ Tay Ngắn In Chữ M</p> <p>- Phù hợp: Mặc đi học, đi làm, đi chơi.</p> <p>- Chất liệu: Vải thun</p> <p>- Bảng màu: Trắng/ Xanh/ Đen/ Hồng</p> <p>- Họa tiết: Trơn in chữ</p> <p>- Xuất xứ: Sản phẩm tự thiết kế và sản xuất bởi FM Style tại Việt Nam</p> <p>- Cam kết 100% chất lượng từ chất vải đến đường chỉ, phát hiện lỗi được hoàn trả miễn phí.a</p> <p>&nbsp;</p> <p><strong>* HƯỚNG DẪN CHỌN SIZE CHO BẠN</strong></p> <p>- Free size &lt;62kg, chiều cao &lt;175cm</p> <p>Hướng dẫn chọn size ở trên chỉ mang tính chất tham khảo tương đối, tuỳ vào chiều cao và số đo cơ thể mà bạn có thể thay đổi&nbsp;để chọn đúng size sản phẩm phù hợp.</p> <p>&nbsp;</p> <p><strong>* HƯỚNG DẪN BẢO QUẢN VÀ SỬ DỤNG</strong></p> <p>- Lần đầu chỉ xả nước lạnh rồi phơi khô để đảm bảo chất và màu của sản phẩm.</p> <p>- Nhớ lộn trái sản phẩm khi giặt và không giặt ngâm.</p> <p>- Không giặt máy trong 2 tuần đầu.</p> <p>- Không sử dụng thuốc tẩy - Khi phơi lộn trái và không phơi trực tiếp dưới ánh nắng mặt trời.</p>', '135150', '0', 'c15'),
('N6p4lsHe4EG6d', 'Áo Ghile Trơn Basic', 'ao-ghile-tron-basic', '<p><strong>* THÔNG TIN SẢN PHẨM</strong></p> <p>- Tên sản phẩm:&nbsp;Áo Ghile Trơn Basic</p> <p>- Phù hợp: Mặc đi học, đi làm, đi chơi.</p> <p>- Bảng màu: Đen/ Nâu/ Da/ Ghi/ Muối tiêu</p> <p>- Họa tiết: Trơn</p> <p>- Xuất xứ: Sản phẩm tự thiết kế và sản xuất bởi FM Style tại Việt Nam</p> <p>- Cam kết 100% chất lượng từ chất vải đến đường chỉ, phát hiện lỗi được hoàn trả miễn phí.</p> <p>&nbsp;</p> <p><strong>* HƯỚNG DẪN CHỌN SIZE CHO BẠN</strong></p> <p>- Free size &lt;58kg</p> <p>Hướng dẫn chọn size ở trên chỉ mang tính chất tham khảo tương đối, tuỳ vào chiều cao và số đo cơ thể mà bạn có thể thay đổi&nbsp;để chọn đúng size sản phẩm phù hợp.</p> <p>&nbsp;</p> <p><strong>* HƯỚNG DẪN BẢO QUẢN VÀ SỬ DỤNG</strong></p> <p>- Lần đầu chỉ xả nước lạnh rồi phơi khô để đảm bảo chất và màu của sản phẩm.</p> <p>- Nhớ lộn trái sản phẩm khi giặt và không giặt ngâm.</p> <p>- Không giặt máy trong 2 tuần đầu.</p> <p>- Không sử dụng thuốc tẩy - Khi phơi lộn trái và không phơi trực tiếp dưới ánh nắng mặt trời.</p>', '152150', '0', 'c10'),
('N6p5ng6gXay5U', 'Áo Thun Nữ Croptop Caro', 'ao-thun-nu-croptop-caro', '<p><strong>* THÔNG TIN SẢN PHẨM</strong></p> <p>- Tên sản phẩm:&nbsp;Áo Thun Nữ Croptop&nbsp;Caro</p> <p>- Phù hợp: Mặc&nbsp;đi chơi, ở nhà</p> <p>- Chất liệu: Vải thun gân</p> <p>- Bảng màu: Đen/ Trắng/ Xanh dương/ Xanh lá</p> <p>- Họa tiết: Caro</p> <p>- Xuất xứ: Sản phẩm tự thiết kế và sản xuất bởi FM Style tại Việt Nam</p> <p>- Cam kết 100% chất lượng từ chất vải đến đường chỉ, phát hiện lỗi được hoàn trả miễn phí.</p> <p>&nbsp;</p> <p><strong>* HƯỚNG DẪN CHỌN SIZE CHO BẠN</strong></p> <p>- Free size &lt;58kg, chiều cao &lt;175cm</p> <p>Hướng dẫn chọn size ở trên chỉ mang tính chất tham khảo tương đối, tuỳ vào chiều cao và số đo cơ thể mà bạn có thể thay đổi&nbsp;để chọn đúng size sản phẩm phù hợp.</p> <p>&nbsp;</p> <p><strong>* HƯỚNG DẪN BẢO QUẢN VÀ SỬ DỤNG</strong></p> <p>- Lần đầu chỉ xả nước lạnh rồi phơi khô để đảm bảo chất và màu của sản phẩm.</p> <p>- Nhớ lộn trái sản phẩm khi giặt và không giặt ngâm.</p> <p>- Không giặt máy trong 2 tuần đầu.</p> <p>- Không sử dụng thuốc tẩy - Khi phơi lộn trái và không phơi trực tiếp dưới ánh nắng mặt trời.</p>', '101150', '0', 'c08'),
('N6p6p5NJIQSAf', 'Váy Babydoll Thủy Thủ Phối Viền', 'vay-babydoll-thuy-thu-phoi-vien', '<p><strong>* THÔNG TIN SẢN PHẨM:</strong></p> <p>- Tên sản phẩm:&nbsp;Váy Babydoll Thủy Thủ Phối Viền</p> <p>- Độ tuổi: &gt; 12&nbsp;tuổi</p> <p>- Phù hợp: Mặc đi học, đi làm, đi chơi, đi tiệc.</p> <p>- Chất liệu: Vải thô mềm</p> <p>- Màu sắc: Xanh/ Trắng/ Be</p> <p>- Họa tiết: Trơn</p> <p>- Xuất xứ: Tự thiết kế và sản xuất bởi FM Style tại Việt Nam&nbsp;</p> <p>- Cam kết 100% chất lượng từ chất vải đến đường chỉ, phát hiện lỗi được hoàn trả miễn phí.</p> <p>&nbsp;</p> <p><strong>* HƯỚNG DẪN CHỌN SIZE CHO BẠN</strong></p> <p>- Fresize: cân nặng &lt;58kg, chiều cao &lt;175cm</p> <p>Hướng dẫn chọn size ở trên chỉ mang tính chất tham khảo tương đối, tuỳ vào chiều cao và số đo cơ thể mà bạn có thể thay đổi&nbsp;để chọn đúng size sản phẩm phù hợp.</p> <p>&nbsp;</p> <p><strong>* HƯỚNG DẪN BẢO QUẢN VÀ SỬ DỤNG</strong></p> <p>- Lần đầu chỉ xả nước lạnh rồi phơi khô để đảm bảo chất và màu của sản phẩm.</p> <p>- Nhớ lộn trái sản phẩm khi giặt và không giặt ngâm.</p> <p>- Không giặt máy trong 2 tuần đầu.</p> <p>- Không sử dụng thuốc tẩy.</p> <p>- Khi phơi lộn trái và không phơi trực tiếp dưới ánh nắng mặt trời.</p>', '242250', '0', 'c33'),
('N6p8JEtXcADyN', 'Áo Ghile 2 Túi Nắp', 'ao-ghile-2-tui-nap', '<p><strong>* THÔNG TIN SẢN PHẨM</strong></p> <p>- Tên sản phẩm:&nbsp;Áo Ghile 2 Túi Nắp</p> <p>- Phù hợp: Mặc đi học, đi làm, đi chơi.</p> <p>- Chất liệu: Vải kaki</p> <p>- Bảng màu: Nâu/ Đen/ Be</p> <p>- Họa tiết: Trơn</p> <p>- Xuất xứ: Sản phẩm tự thiết kế và sản xuất bởi FM Style tại Việt Nam</p> <p>- Cam kết 100% chất lượng từ chất vải đến đường chỉ, phát hiện lỗi được hoàn trả miễn phí.a</p> <p>&nbsp;</p> <p><strong>* HƯỚNG DẪN CHỌN SIZE CHO BẠN</strong></p> <p>- Free size &lt;62kg, chiều cao &lt;175cm</p> <p>Hướng dẫn chọn size ở trên chỉ mang tính chất tham khảo tương đối, tuỳ vào chiều cao và số đo cơ thể mà bạn có thể thay đổi&nbsp;để chọn đúng size sản phẩm phù hợp.</p> <p>&nbsp;</p> <p><strong>* HƯỚNG DẪN BẢO QUẢN VÀ SỬ DỤNG</strong></p> <p>- Lần đầu chỉ xả nước lạnh rồi phơi khô để đảm bảo chất và màu của sản phẩm.</p> <p>- Nhớ lộn trái sản phẩm khi giặt và không giặt ngâm.</p> <p>- Không giặt máy trong 2 tuần đầu.</p> <p>- Không sử dụng thuốc tẩy - Khi phơi lộn trái và không phơi trực tiếp dưới ánh nắng mặt trời.</p>', '135150', '0', 'c10'),
('N6p8xw598NxVH', 'Váy Ren Body Dáng Dài', 'vay-ren-body-dang-dai', '<p><strong>* THÔNG TIN SẢN PHẨM:</strong></p> <p>- Tên sản phẩm:&nbsp;Váy Ren Body Dáng Dài</p> <p>- Độ tuổi: &gt; 14 tuổi</p> <p>- Phù hợp: Mặc đi học, đi làm, đi chơi, đi tiệc.</p> <p>- Chất liệu: Vải ren</p> <p>- Màu sắc: Đen/ Đỏ</p> <p>- Họa tiết: Trơn</p> <p>- Xuất xứ: Tự thiết kế và sản xuất bởi FM Style tại Việt Nam&nbsp;</p> <p>- Cam kết 100% chất lượng từ chất vải đến đường chỉ, phát hiện lỗi được hoàn trả miễn phí.</p> <p>&nbsp;</p> <p><strong>* HƯỚNG DẪN CHỌN SIZE CHO BẠN</strong></p> <p>- Size S:&nbsp;vai 34, eo 66, ngực 84, dài 88, mông 80</p> <p>- Size M: vai 35, eo 70, ngực 88, dài 92, mông 80</p> <p>- Size L: vai 36, eo 74, ngực 92, dài 81, mông 96</p> <p>Đơn vị đo: cm</p> <p>&nbsp;</p> <p><strong>* HƯỚNG DẪN BẢO QUẢN VÀ SỬ DỤNG</strong></p> <p>- Lần đầu chỉ xả nước lạnh rồi phơi khô để đảm bảo chất và màu của sản phẩm.</p> <p>- Nhớ lộn trái sản phẩm khi giặt và không giặt ngâm.</p> <p>- Không giặt máy trong 2 tuần đầu.</p> <p>- Không sử dụng thuốc tẩy.</p> <p>- Khi phơi lộn trái và không phơi trực tiếp dưới ánh nắng mặt trời.</p>', '310250', '0', 'c38'),
('N6p9ULceXFr0J', 'Váy Xốp Đuôi Cá Dáng Xòe', 'vay-xop-djuoi-ca-dang-xoe', '<p><strong>* THÔNG TIN SẢN PHẨM</strong></p> <p>- Tên sản phẩm:&nbsp;Váy Xốp Đuôi Cá Dáng Xòe</p> <p>- Phù hợp: Mặc đi học, đi làm, đi chơi.</p> <p>- Chất liệu: Vải xốp</p> <p>- Bảng màu: Trắng/ Vàng/ Xanh lá/ Xanh biển/ Hồng</p> <p>- Họa tiết: Trơn</p> <p>- Xuất xứ: Sản phẩm tự thiết kế và sản xuất bởi FM Style tại Việt Nam</p> <p>- Cam kết 100% chất lượng từ chất vải đến đường chỉ, phát hiện lỗi được hoàn trả miễn phí.</p> <p>&nbsp;</p> <p><strong>* HƯỚNG DẪN CHỌN SIZE CHO BẠN</strong></p> <p>- Free size &lt;62kg, chiều cao &lt;175cm</p> <p>Hướng dẫn chọn size ở trên chỉ mang tính chất tham khảo tương đối, tuỳ vào chiều cao và số đo cơ thể mà bạn có thể thay đổi&nbsp;để chọn đúng size sản phẩm phù hợp.</p> <p>&nbsp;</p> <p><strong>* HƯỚNG DẪN BẢO QUẢN VÀ SỬ DỤNG</strong></p> <p>- Lần đầu chỉ xả nước lạnh rồi phơi khô để đảm bảo chất và màu của sản phẩm.</p> <p>- Nhớ lộn trái sản phẩm khi giặt và không giặt ngâm.</p> <p>- Không giặt máy trong 2 tuần đầu.</p> <p>- Không sử dụng thuốc tẩy - Khi phơi lộn trái và không phơi trực tiếp dưới ánh nắng mặt trời.</p>', '160650', '0', 'c36'),
('N6pAg7BLgAKvY', 'Chân Váy Kaki 2 Túi Vuông', 'chan-vay-kaki-2-tui-vuong', '<p><strong>* THÔNG TIN SẢN PHẨM:</strong></p> <p>- Tên sản phẩm:&nbsp;Chân Váy Kaki 2 Túi Vuông</p> <p>- Độ tuổi: &gt; 13&nbsp;tuổi</p> <p>- Phù hợp: Mặc đi làm, đi chơi.</p> <p>- Chất liệu: Vải kaki</p> <p>- Màu sắc: Nâu/ Trắng/ Đen</p> <p>- Họa tiết: Trơn</p> <p>- Xuất xứ: Tự thiết kế và sản xuất bởi FM Style tại Việt Nam&nbsp;</p> <p>- Cam kết 100% chất lượng từ chất vải đến đường chỉ, phát hiện lỗi được hoàn trả miễn phí.</p> <p>&nbsp;</p> <p><strong>* HƯỚNG DẪN CHỌN SIZE CHO BẠN</strong></p> <p>- Size S:&nbsp;lưng 64, mông 92, dài 42</p> <p>- Size M:&nbsp;lưng 68, mông 94, dài 42</p> <p>- Size L:&nbsp;lưng 70, mông 96, dài 43</p> <p>Hướng dẫn chọn size ở trên chỉ mang tính chất tham khảo tương đối, tuỳ vào chiều cao và số đo cơ thể mà bạn có thể thay đổi&nbsp;để chọn đúng size sản phẩm phù hợp.</p> <p>&nbsp;</p> <p><strong>* HƯỚNG DẪN BẢO QUẢN VÀ SỬ DỤNG</strong></p> <p>- Lần đầu chỉ xả nước lạnh rồi phơi khô để đảm bảo chất và màu của sản phẩm.</p> <p>- Nhớ lộn trái sản phẩm khi giặt và không giặt ngâm.</p> <p>- Không giặt máy trong 2 tuần đầu.</p> <p>- Không sử dụng thuốc tẩy.</p> <p>- Khi phơi lộn trái và không phơi trực tiếp dưới ánh nắng mặt trời.</p>', '169150', '0', 'c29'),
('N6paGbgEY3sAJ', 'Váy Thiết Kế Dáng Xòe Cổ Khoét', 'vay-thiet-ke-dang-xoe-co-khoet', '<p><strong>* THÔNG TIN SẢN PHẨM</strong></p> <p>- Tên sản phẩm:<strong>&nbsp;</strong>Váy Thiết Kế Dáng Xoè Cổ Khoét</p> <p>- Độ tuổi: &gt; 14 tuổi</p> <p>- Phù hợp: Mặc đi làm, đi&nbsp;chơi, dự tiệc.</p> <p>- Chất liệu: Vải xốp tổ ong</p> <p>- Màu sắc: Nhiều màu</p> <p>- Họa tiết: Trơn</p> <p>- Xuất xứ: Sản phẩm tự thiết kế và sản xuất bởi FM Style tại Việt Nam</p> <p>- Cam kết 100% chất lượng từ chất vải đến đường chỉ, phát hiện lỗi được hoàn trả miễn phí.</p> <p>&nbsp;</p> <p><strong>* HƯỚNG DẪN CHỌN SIZE CHO BẠN</strong></p> <p>- Size S: eo 66, ngực 82, chiều dài 100, mông 98</p> <p>- Size M: eo 70, ngực 86, chiều dài 100, mông 100</p> <p>- Size L: eo 74, ngực 90, chiều dài 102, mông 102</p> <p>Đơn vị đo: cm</p> <p>Hướng dẫn chọn size ở trên chỉ mang tính chất tham khảo tương đối, tuỳ vào chiều cao và số đo cơ thể mà bạn có thể thay đổi&nbsp;để chọn đúng size sản phẩm phù hợp.</p> <p>&nbsp;</p> <p><strong>* HƯỚNG DẪN BẢO QUẢN VÀ SỬ DỤNG</strong></p> <p>- Lần đầu chỉ xả nước lạnh rồi phơi khô để đảm bảo chất và màu của sản phẩm.</p> <p>- Nhớ lộn trái sản phẩm khi giặt và không giặt ngâm.</p> <p>- Không giặt máy trong 2 tuần đầu.</p> <p>- Không sử dụng thuốc tẩy - Khi phơi lộn trái và không phơi trực tiếp dưới ánh nắng mặt trời.</p>', '293250', '0', 'c38'),
('N6pAiDM5tmwdX', 'Chân Váy Chữ A Phối Tua Lưng', 'chan-vay-chu-a-phoi-tua-lung', '<p><strong>* THÔNG TIN SẢN PHẨM:</strong></p> <p>- Tên sản phẩm:&nbsp;Chân Váy Chữ A Phối Tua Lưng</p> <p>- Độ tuổi: &gt; 13&nbsp;tuổi</p> <p>- Phù hợp: Mặc đi làm, đi chơi, đi học, đi tiệc.</p> <p>- Chất liệu: Vải tafta</p> <p>- Màu sắc: Trắng/ Đen/ Nâu</p> <p>- Họa tiết: Trơn</p> <p>- Xuất xứ: Tự thiết kế và sản xuất bởi FM Style tại Việt Nam&nbsp;</p> <p>- Cam kết 100% chất lượng từ chất vải đến đường chỉ, phát hiện lỗi được hoàn trả miễn phí.</p> <p>&nbsp;</p> <p><strong>* HƯỚNG DẪN CHỌN SIZE CHO BẠN</strong></p> <p>- Size S:&nbsp;lưng 64, mông 92, dài 42</p> <p>- Size M:&nbsp;lưng 68, mông 94, dài 42</p> <p>- Size L:&nbsp;lưng 70, mông 96, dài 43</p> <p>Hướng dẫn chọn size ở trên chỉ mang tính chất tham khảo tương đối, tuỳ vào chiều cao và số đo cơ thể mà bạn có thể thay đổi&nbsp;để chọn đúng size sản phẩm phù hợp.</p> <p>&nbsp;</p> <p><strong>* HƯỚNG DẪN BẢO QUẢN VÀ SỬ DỤNG</strong></p> <p>- Lần đầu chỉ xả nước lạnh rồi phơi khô để đảm bảo chất và màu của sản phẩm.</p> <p>- Nhớ lộn trái sản phẩm khi giặt và không giặt ngâm.</p> <p>- Không giặt máy trong 2 tuần đầu.</p> <p>- Không sử dụng thuốc tẩy.</p> <p>- Khi phơi lộn trái và không phơi trực tiếp dưới ánh nắng mặt trời.</p>', '157250', '0', 'c29'),
('N6pB8l3vd4pwo', 'Set Short Áo Croptop', 'set-short-ao-croptop', '<p><strong>* THÔNG TIN SẢN PHẨM:</strong></p> <p>- Tên sản phẩm:&nbsp;Set Short Áo Croptop</p> <p>- Độ tuổi: &gt; 14&nbsp;tuổi</p> <p>- Phù hợp: Mặc&nbsp;đi làm, đi tiệc, đi chơi.</p> <p>- Chất liệu: Vải lenin gân</p> <p>- Màu sắc: Nhiều màu</p> <p>- Họa tiết: Trơn</p> <p>- Xuất xứ: Tự thiết kế và sản xuất bởi FM Style tại Việt Nam&nbsp;</p> <p>- Cam kết 100% chất lượng từ chất vải đến đường chỉ, phát hiện lỗi được hoàn trả miễn phí.</p> <p>&nbsp;</p> <p><strong>* HƯỚNG DẪN CHỌN SIZE CHO BẠN:</strong></p> <p>Thông số áo:</p> <p>- Size S: Vai 36, ngực 90, dài 60</p> <p>- Size M: Vai 37, ngực 94, dài 61</p> <p>Thông số quần short:</p> <p>- Size S: Eo 68, mông&nbsp;90, dài&nbsp;39</p> <p>- Size M: Eo 70, mông 94, dài 39</p> <p>&nbsp;</p> <p><strong>* HƯỚNG DẪN BẢO QUẢN VÀ SỬ DỤNG:</strong></p> <p>- Lần đầu chỉ xả nước lạnh rồi phơi khô để đảm bảo chất và màu của sản phẩm.</p> <p>- Nhớ lộn trái sản phẩm khi giặt và không giặt ngâm.</p> <p>- Không giặt máy trong 2 tuần đầu.</p> <p>- Không sử dụng thuốc tẩy.</p> <p>- Khi phơi lộn trái và không phơi trực tiếp dưới ánh nắng mặt trời.</p>', '259250', '0', 'c26'),
('N6pBorze6t78s', 'Set Chân Váy Xếp Ly Kèm Áo Thun', 'set-chan-vay-xep-ly-kem-ao-thun', '<p><strong>* THÔNG TIN SẢN PHẨM</strong></p> <p>- Tên sản phẩm:&nbsp;Set Chân Váy Xếp Ly Kèm Áo Thun</p> <p>- Phù hợp: Mặc đi học, đi làm, đi chơi.</p> <p>- Chất liệu: Áo vải&nbsp;thun, chân váy vải thun tăm</p> <p>- Bảng màu: Xanh/ Vàng/ Be/ Nâu</p> <p>- Họa tiết: Trơn in chữ</p> <p>- Xuất xứ: Sản phẩm tự thiết kế và sản xuất bởi FM Style tại Việt Nam</p> <p>- Cam kết 100% chất lượng từ chất vải đến đường chỉ, phát hiện lỗi được hoàn trả miễn phí.a</p> <p>&nbsp;</p> <p><strong>* HƯỚNG DẪN CHỌN SIZE CHO BẠN</strong></p> <p>- Size S: cân nặng &lt;49kg</p> <p>- Size M: cân nặng 49 - 57kg</p> <p>Hướng dẫn chọn size ở trên chỉ mang tính chất tham khảo tương đối, tuỳ vào chiều cao và số đo cơ thể mà bạn có thể thay đổi&nbsp;để chọn đúng size sản phẩm phù hợp.</p> <p>&nbsp;</p> <p><strong>* HƯỚNG DẪN BẢO QUẢN VÀ SỬ DỤNG</strong></p> <p>- Lần đầu chỉ xả nước lạnh rồi phơi khô để đảm bảo chất và màu của sản phẩm.</p> <p>- Nhớ lộn trái sản phẩm khi giặt và không giặt ngâm.</p> <p>- Không giặt máy trong 2 tuần đầu.</p> <p>- Không sử dụng thuốc tẩy - Khi phơi lộn trái và không phơi trực tiếp dưới ánh nắng mặt trời.</p>', '228650', '0', 'c27'),
('N6pBP06rPDDIF', 'Quần Baggy Kaki Ống Suông', 'quan-baggy-kaki-ong-suong', '<p><strong>* THÔNG TIN SẢN PHẨM:</strong></p> <p>- Tên sản phẩm:&nbsp;Quần Baggy Ống Suông</p> <p>- Độ tuổi: &gt; 13&nbsp;tuổi</p> <p>- Phù hợp: Mặc&nbsp;đi học, đi làm, đi chơi.</p> <p>- Chất liệu: Vải kaki</p> <p>- Màu sắc: Kem/ Đen</p> <p>- Họa tiết: Trơn</p> <p>- Xuất xứ: Tự thiết kế và sản xuất bởi FM Style tại Việt Nam&nbsp;</p> <p>&nbsp;</p> <p><strong>* HƯỚNG DẪN CHỌN SIZE CHO BẠN:</strong></p> <p>- Size S: 42 - 48kg</p> <p>- Size M: 49&nbsp;- 54kg</p> <p>- Size L: 55&nbsp;- 58kg</p> <p>Hướng dẫn chọn size ở trên chỉ mang tính chất tham khảo tương đối, tuỳ vào chiều cao và số đo cơ thể mà bạn có thể thay đổi&nbsp;để chọn đúng size sản phẩm phù hợp.</p> <p>&nbsp;</p> <p><strong>* HƯỚNG DẪN BẢO QUẢN VÀ SỬ DỤNG:</strong></p> <p>- Lần đầu chỉ xả nước lạnh rồi phơi khô để đảm bảo chất và màu của sản phẩm.</p> <p>- Nhớ lộn trái sản phẩm khi giặt và không giặt ngâm.</p> <p>- Không giặt máy trong 2 tuần đầu.</p> <p>- Không sử dụng thuốc tẩy.</p> <p>- Khi phơi lộn trái và không phơi trực tiếp dưới ánh nắng mặt trời.</p>', '135150', '0', 'c22'),
('N6pbs4FBI0Ppo', 'Váy Thiết Kế Cổ Yếm Tay Phồng', 'vay-thiet-ke-co-yem-tay-phong', '<p><strong>* THÔNG TIN SẢN PHẨM:</strong></p> <p>- Tên sản phẩm:&nbsp;Váy Thiết Kế Cổ Yếm Tay Phồng</p> <p>- Độ tuổi: &gt; 14 tuổi</p> <p>- Phù hợp: Mặc đi làm, đi chơi, đi tiệc.</p> <p>- Chất liệu: Vải tuyết mưa</p> <p>- Màu sắc: Trắng/ Đỏ</p> <p>- Họa tiết: Trơn</p> <p>- Xuất xứ: Tự thiết kế và sản xuất bởi FM Style tại Việt Nam&nbsp;</p> <p>- Cam kết 100% chất lượng từ chất vải đến đường chỉ, phát hiện lỗi được hoàn trả miễn phí.</p> <p>&nbsp;</p> <p><strong>* HƯỚNG DẪN CHỌN SIZE CHO BẠN</strong></p> <p>- Size S: Dài tay 28, vai 37, eo 66, ngực 82, chiều dài 85, mông 88</p> <p>- Size M: Dài tay 28, vai 38, eo 70, ngực 86, chiều dài 85, mông 92</p> <p>Đơn vị đo: cm</p> <p>&nbsp;</p> <p><strong>* HƯỚNG DẪN BẢO QUẢN VÀ SỬ DỤNG</strong></p> <p>- Lần đầu chỉ xả nước lạnh rồi phơi khô để đảm bảo chất và màu của sản phẩm.</p> <p>- Nhớ lộn trái sản phẩm khi giặt và không giặt ngâm.</p> <p>- Không giặt máy trong 2 tuần đầu.</p> <p>- Không sử dụng thuốc tẩy.</p> <p>- Khi phơi lộn trái và không phơi trực tiếp dưới ánh nắng mặt trời.</p>', '245650', '0', 'c38'),
('N6pcaWgH4yhUm', 'Áo Kiểu Cổ Vest Dáng Dài Tay Ngắn', 'ao-kieu-co-vest-dang-dai-tay-ngan', '<p><strong>* THÔNG TIN SẢN PHẨM:</strong></p> <p>- Tên sản phẩm:&nbsp;Áo Kiểu Cổ Vest Dáng Dài Tay Ngắn</p> <p>- Độ tuổi: &gt; 12&nbsp;tuổi</p> <p>- Phù hợp: Mặc đi làm, đi học, đi chơi, đi dự tiệc</p> <p>- Chất liệu: Vải umi</p> <p>- Bảng màu: Trắng/ Đen</p> <p>- Họa tiết: Trơn</p> <p>- Xuất xứ: Tự thiết kế và sản xuất bởi FM Style tại Việt Nam&nbsp;</p> <p>- Cam kết 100% chất lượng từ chất vải đến đường chỉ, phát hiện lỗi được hoàn trả miễn phí.</p> <p>&nbsp;</p> <p><strong>* HƯỚNG DẪN CHỌN SIZE CHO BẠN</strong></p> <p>- Size S : 40kg - 47kg<br> - Size M : 48kg - 57kg<br> Size Số +/- 1 kg<br> Hướng dẫn chọn size ở trên chỉ mang tính chất tham khảo tương đối, tuỳ vào chiều cao và số đo cơ thể mà bạn có thể thay đổi&nbsp;để chọn đúng size sản phẩm phù hợp.</p> <p>&nbsp;</p> <p><strong>* HƯỚNG DẪN BẢO QUẢN VÀ SỬ DỤNG</strong></p> <p>- Lần đầu chỉ xả nước lạnh rồi phơi khô để đảm bảo chất và màu của sản phẩm.</p> <p>- Nhớ lộn trái sản phẩm khi giặt và không giặt ngâm.</p> <p>- Không giặt máy trong 2 tuần đầu.</p> <p>- Không sử dụng thuốc tẩy.</p> <p>- Khi phơi lộn trái và không phơi trực tiếp dưới ánh nắng mặt trời.</p>', '237150', '0', 'c12'),
('N6pCnBwJ8RZMh', 'Váy Dáng Dài Tay Phồng', 'vay-dang-dai-tay-phong', '<p><strong>* THÔNG TIN SẢN PHẨM:</strong></p> <p>- Tên sản phẩm:&nbsp;Váy Dáng Dài Tay Phồng</p> <p>- Độ tuổi: &gt; 14 tuổi</p> <p>- Phù hợp: Mặc đi học, đi làm, đi chơi, đi tiệc.</p> <p>- Chất liệu: Vải đũi xước</p> <p>- Màu sắc: Trắng/ Xanh biển/ Xanh lá</p> <p>- Họa tiết: Trơn</p> <p>- Xuất xứ: Tự thiết kế và sản xuất bởi FM Style tại Việt Nam&nbsp;</p> <p>- Cam kết 100% chất lượng từ chất vải đến đường chỉ, phát hiện lỗi được hoàn trả miễn phí.</p> <p>&nbsp;</p> <p><strong>* HƯỚNG DẪN CHỌN SIZE CHO BẠN</strong></p> <p>- Size S: vai 36, eo 64, ngực 84, mông 88, dài 112</p> <p>- Size M: vai 37, eo 68, ngực 88, mông 92, dài 112</p> <p>- Size L: vai 38,eo 72, ngực 92, mông 96, dài 114</p> <p>Đơn vị đo: cm</p> <p>&nbsp;</p> <p><strong>* HƯỚNG DẪN BẢO QUẢN VÀ SỬ DỤNG</strong></p> <p>- Lần đầu chỉ xả nước lạnh rồi phơi khô để đảm bảo chất và màu của sản phẩm.</p> <p>- Nhớ lộn trái sản phẩm khi giặt và không giặt ngâm.</p> <p>- Không giặt máy trong 2 tuần đầu.</p> <p>- Không sử dụng thuốc tẩy.</p> <p>- Khi phơi lộn trái và không phơi trực tiếp dưới ánh nắng mặt trời.</p>', '237150', '0', 'c35'),
('N6pd6vlY4hbgr', 'Chân Váy Kaki Xẻ 1 Bên', 'chan-vay-kaki-xe-1-ben', '<p><strong>* THÔNG TIN SẢN PHẨM:</strong></p> <p>- Tên sản phẩm:&nbsp;Chân Váy Kaki Xẻ 1 Bên</p> <p>- Độ tuổi: &gt; 13&nbsp;tuổi</p> <p>- Phù hợp: Mặc&nbsp;đi học, đi làm, đi chơi.</p> <p>- Chất liệu: Vải kaki</p> <p>- Màu sắc:&nbsp;Đen/ Kem</p> <p>- Họa tiết: Trơn</p> <p>- Xuất xứ: Tự thiết kế và sản xuất bởi FM Style tại Việt Nam&nbsp;</p> <p>&nbsp;</p> <p><strong>* HƯỚNG DẪN CHỌN SIZE CHO BẠN:</strong></p> <p>- Size S: 42 - 47kg, chiều cao 152&nbsp;- 165cm</p> <p>- Size M: 48&nbsp;- 54kg,&nbsp;chiều cao 155&nbsp;- 175cm</p> <p>- Size L: 54&nbsp;- 60kg, chiều cao 160 - 175cm</p> <p>Hướng dẫn chọn size ở trên chỉ mang tính chất tham khảo tương đối, tuỳ vào chiều cao và số đo cơ thể mà bạn có thể thay đổi&nbsp;để chọn đúng size sản phẩm phù hợp.</p> <p>&nbsp;</p> <p><strong>* HƯỚNG DẪN BẢO QUẢN VÀ SỬ DỤNG:</strong></p> <p>- Lần đầu chỉ xả nước lạnh rồi phơi khô để đảm bảo chất và màu của sản phẩm.</p> <p>- Nhớ lộn trái sản phẩm khi giặt và không giặt ngâm.</p> <p>- Không giặt máy trong 2 tuần đầu.</p> <p>- Không sử dụng thuốc tẩy.</p> <p>- Khi phơi lộn trái và không phơi trực tiếp dưới ánh nắng mặt trời.</p>', '143650', '0', 'c29'),
('N6pdhGNYSwxSK', 'Áo Kiểu Xốp Tay Phồng Gài 4 Nút', 'ao-kieu-xop-tay-phong-gai-4-nut', '<p><strong>* THÔNG TIN SẢN PHẨM:</strong></p> <p>- Tên sản phẩm:&nbsp;Áo Kiểu Xốp Tay Phồng</p> <p>- Độ tuổi: &gt; 12&nbsp;tuổi</p> <p>- Phù hợp: Mặc đi làm, đi học, đi chơi.</p> <p>- Chất liệu: Vải xốp</p> <p>- Bảng màu: Trắng/ Xanh lá/ Xanh bơ/ Đen/ Be</p> <p>- Họa tiết: Trơn&nbsp;</p> <p>- Xuất xứ: Tự thiết kế và sản xuất bởi FM Style tại Việt Nam&nbsp;</p> <p>- Cam kết 100% chất lượng từ chất vải đến đường chỉ, phát hiện lỗi được hoàn trả miễn phí.</p> <p>&nbsp;</p> <p><strong>* HƯỚNG DẪN CHỌN SIZE CHO BẠN</strong></p> <p>- Freesize: cân nặng &lt;60kg, chiều cao &lt;175cm</p> <p>Hướng dẫn chọn size ở trên chỉ mang tính chất tham khảo tương đối, tuỳ vào chiều cao và số đo cơ thể mà bạn có thể thay đổi&nbsp;để chọn đúng size sản phẩm phù hợp.</p> <p>&nbsp;</p> <p><strong>* HƯỚNG DẪN BẢO QUẢN VÀ SỬ DỤNG</strong></p> <p>- Lần đầu chỉ xả nước lạnh rồi phơi khô để đảm bảo chất và màu của sản phẩm.</p> <p>- Nhớ lộn trái sản phẩm khi giặt và không giặt ngâm.</p> <p>- Không giặt máy trong 2 tuần đầu.</p> <p>- Không sử dụng thuốc tẩy.</p> <p>- Khi phơi lộn trái và không phơi trực tiếp dưới ánh nắng mặt trời.</p>', '135150', '0', 'c12'),
('N6pfeP5OJxYXb', 'Áo Ghile 2 Túi Giả', 'ao-ghile-2-tui-gia', '<p><strong>* THÔNG TIN SẢN PHẨM</strong></p> <p>- Tên sản phẩm:&nbsp;Áo Ghile 2 Túi Giả</p> <p>- Phù hợp: Mặc đi học, đi làm, đi chơi.</p> <p>- Chất liệu: Vải voan</p> <p>- Bảng màu: Trắng/ Kem/ Xanh/ Vàng/ Đen</p> <p>- Xuất xứ: Sản phẩm tự thiết kế và sản xuất bởi FM Style tại Việt Nam</p> <p>- Cam kết 100% chất lượng từ chất vải đến đường chỉ, phát hiện lỗi được hoàn trả miễn phí.</p> <p>&nbsp;</p> <p><strong>* HƯỚNG DẪN CHỌN SIZE CHO BẠN</strong></p> <p>- Size S: cân nặng&nbsp;&lt;53kg</p> <p>-&nbsp;Size M: cân nặng&nbsp;53 - 58kg</p> <p>Hướng dẫn chọn size ở trên chỉ mang tính chất tham khảo tương đối, tuỳ vào chiều cao và số đo cơ thể mà bạn có thể thay đổi&nbsp;để chọn đúng size sản phẩm phù hợp.</p> <p>&nbsp;</p> <p><strong>* HƯỚNG DẪN BẢO QUẢN VÀ SỬ DỤNG</strong></p> <p>- Lần đầu chỉ xả nước lạnh rồi phơi khô để đảm bảo chất và màu của sản phẩm.</p> <p>- Nhớ lộn trái sản phẩm khi giặt và không giặt ngâm.</p> <p>- Không giặt máy trong 2 tuần đầu.</p> <p>- Không sử dụng thuốc tẩy - Khi phơi lộn trái và không phơi trực tiếp dưới ánh nắng mặt trời.</p>', '123250', '0', 'c10'),
('N6pfgoPPIsZD8', 'Áo Kiểu Cúp Ngực Phối Tay Voan', 'ao-kieu-cup-nguc-phoi-tay-voan', '<p><strong>* THÔNG TIN SẢN PHẨM</strong></p> <p>- Tên sản phẩm:&nbsp;Áo Kiểu Cúp Ngực Phối Tay Voan</p> <p>- Phù hợp: Mặc đi học, đi làm, đi chơi.</p> <p>- Chất liệu: voan</p> <p>- Bảng màu: Trắng/ Đen/ Kem</p> <p>- Họa tiết: Trơn</p> <p>- Xuất xứ: Sản phẩm tự thiết kế và sản xuất bởi FM Style tại Việt Nam</p> <p>- Cam kết 100% chất lượng từ chất vải đến đường chỉ, phát hiện lỗi được hoàn trả miễn phí.</p> <p>&nbsp;</p> <p><strong>* HƯỚNG DẪN CHỌN SIZE CHO BẠN</strong></p> <p>- Size S: vai 36,5, eo 68, ngực 86, cân nặng &lt;49kg</p> <p>- Size M:&nbsp;vai 38, eo 72, ngực 90, cân nặng 49kg - 57kg</p> <p>Hướng dẫn chọn size ở trên chỉ mang tính chất tham khảo tương đối, tuỳ vào chiều cao và số đo cơ thể mà bạn có thể thay đổi&nbsp;để chọn đúng size sản phẩm phù hợp.</p> <p>&nbsp;</p> <p><strong>* HƯỚNG DẪN BẢO QUẢN VÀ SỬ DỤNG</strong></p> <p>- Lần đầu chỉ xả nước lạnh rồi phơi khô để đảm bảo chất và màu của sản phẩm.</p> <p>- Nhớ lộn trái sản phẩm khi giặt và không giặt ngâm.</p> <p>- Không giặt máy trong 2 tuần đầu.</p> <p>- Không sử dụng thuốc tẩy - Khi phơi lộn trái và không phơi trực tiếp dưới ánh nắng mặt trời.</p>', '182750', '0', 'c12'),
('N6pfgRNEaISKT', 'Váy Suông Sát Nách Đuôi Cá', 'vay-suong-sat-nach-djuoi-ca', '<p><strong>* THÔNG TIN SẢN PHẨM</strong></p> <p>- Tên sản phẩm:&nbsp;Váy Suông Sát Nách Đuôi Cá</p> <p>- Phù hợp: Mặc đi học, đi làm, đi chơi.</p> <p>- Chất liệu: Vải kate đũi</p> <p>- Bảng màu: Kem/ Trắng</p> <p>- Họa tiết: Trơn</p> <p>- Xuất xứ: Sản phẩm tự thiết kế và sản xuất bởi FM Style tại Việt Nam</p> <p>- Cam kết 100% chất lượng từ chất vải đến đường chỉ, phát hiện lỗi được hoàn trả miễn phí.</p> <p>&nbsp;</p> <p><strong>* HƯỚNG DẪN CHỌN SIZE CHO BẠN</strong></p> <p>- Free size &lt;62kg, chiều cao &lt;175cm</p> <p>Hướng dẫn chọn size ở trên chỉ mang tính chất tham khảo tương đối, tuỳ vào chiều cao và số đo cơ thể mà bạn có thể thay đổi&nbsp;để chọn đúng size sản phẩm phù hợp.</p> <p>&nbsp;</p> <p><strong>* HƯỚNG DẪN BẢO QUẢN VÀ SỬ DỤNG</strong></p> <p>- Lần đầu chỉ xả nước lạnh rồi phơi khô để đảm bảo chất và màu của sản phẩm.</p> <p>- Nhớ lộn trái sản phẩm khi giặt và không giặt ngâm.</p> <p>- Không giặt máy trong 2 tuần đầu.</p> <p>- Không sử dụng thuốc tẩy - Khi phơi lộn trái và không phơi trực tiếp dưới ánh nắng mặt trời.</p>', '237150', '0', 'c36'),
('N6pFNXNTN6AnT', 'Chân Váy Kaki Dài 2 Túi Hộp', 'chan-vay-kaki-dai-2-tui-hop', '<p><strong>* THÔNG TIN SẢN PHẨM:</strong></p> <p>- Tên sản phẩm:&nbsp;Chân Váy Kaki Dài 2 Túi Hộp</p> <p>- Độ tuổi: &gt; 13&nbsp;tuổi</p> <p>- Phù hợp: Mặc&nbsp;đi học, đi làm, đi chơi.</p> <p>- Chất liệu: Vải kaki</p> <p>- Màu sắc: Đen/ Kem/ Rêu</p> <p>- Họa tiết: Trơn</p> <p>- Xuất xứ: Tự thiết kế và sản xuất bởi FM Style tại Việt Nam&nbsp;</p> <p>&nbsp;</p> <p><strong>* HƯỚNG DẪN CHỌN SIZE CHO BẠN:</strong></p> <p>- Freesize: cân nặng &lt;60kg, chiều cao &lt;175cm</p> <p>Hướng dẫn chọn size ở trên chỉ mang tính chất tham khảo tương đối, tuỳ vào chiều cao và số đo cơ thể mà bạn có thể thay đổi&nbsp;để chọn đúng size sản phẩm phù hợp.</p> <p>&nbsp;</p> <p><strong>* HƯỚNG DẪN BẢO QUẢN VÀ SỬ DỤNG:</strong></p> <p>- Lần đầu chỉ xả nước lạnh rồi phơi khô để đảm bảo chất và màu của sản phẩm.</p> <p>- Nhớ lộn trái sản phẩm khi giặt và không giặt ngâm.</p> <p>- Không giặt máy trong 2 tuần đầu.</p> <p>- Không sử dụng thuốc tẩy.</p> <p>- Khi phơi lộn trái và không phơi trực tiếp dưới ánh nắng mặt trời.</p>', '186150', '0', 'c28'),
('N6pFtLiszDtdt', 'Sơ Mi Tay Ngắn Cổ Vest Màu Trơn', 'so-mi-tay-ngan-co-vest-mau-tron', '<p><strong>&nbsp;THÔNG TIN SẢN PHẨM</strong></p> <p>- Tên sản phẩm: Sơ Mi Nữ Tay Ngắn Cổ Vest Màu Trơn</p> <p>- Độ tuổi: &gt; 14&nbsp;tuổi</p> <p>- Phù hợp: Mặc đi học, đi làm, đi chơi</p> <p>- Chất liệu: Lụa</p> <p>- Màu sắc: Nhiều màu</p> <p>- Họa tiết: Trơn</p> <p>- Xuất xứ: Sản phẩm áo sơ mi tay ngắn tự thiết kế và sản xuất bởi FM Style tại Việt Nam</p> <p>- Cam kết 100% chất lượng từ chất vải đến đường chỉ, phát hiện lỗi được hoàn trả miễn phí.</p> <p><strong>* HƯỚNG DẪN CHỌN SIZE CHO BẠN</strong></p> <p>- Size S: vai 39, rộng 96, dài 57<br> - Size M: vai&nbsp;40,5, rộng 100, dài 57</p> <p>Đơn vị đo: cm&nbsp;</p> <p>&nbsp;</p> <p><strong>* HƯỚNG DẪN BẢO QUẢN VÀ SỬ DỤNG</strong></p> <p>- Lần đầu mang sản phẩm&nbsp;về chỉ xả nước lạnh rồi phơi khô để đảm bảo chất và màu của sản phẩm.</p> <p>- Nhớ lộn trái sản phẩm khi giặt và không giặt ngâm.</p> <p>- Không giặt máy trong 2 tuần đầu.</p> <p>- Không sử dụng thuốc tẩy - Khi phơi lộn trái và không phơi trực tiếp dưới ánh nắng mặt trời.</p>', '135150', '0', 'c14'),
('N6pFToLMiVwEB', 'Set Bộ SN In GOOD', 'set-bo-sn-in-good', '<p><strong>* THÔNG TIN SẢN PHẨM:</strong></p> <p>- Tên sản phẩm:&nbsp;Set Quần Đùi Áo Sát Nách In Good&nbsp;</p> <p>- Độ tuổi: &gt; 14&nbsp;tuổi</p> <p>- Phù hợp: Mặc&nbsp;đi chơi, đi du lịch, đi dạo</p> <p>- Chất liệu: Thun</p> <p>- Màu sắc: Đen/ Trắng/ Be</p> <p>- Họa tiết: Trơn in chữ</p> <p>- Xuất xứ: Tự thiết kế và sản xuất bởi FM Style tại Việt Nam&nbsp;</p> <p>- Cam kết 100% chất lượng từ chất vải đến đường chỉ, phát hiện lỗi được hoàn trả miễn phí.</p> <p>&nbsp;</p> <p><strong>* HƯỚNG DẪN CHỌN SIZE CHO BẠN:</strong></p> <p>- Freesize: chiều cao &lt;172cm, cân nặng &lt;58kg</p> <p>Đơn vị đo: cm</p> <p>&nbsp;</p> <p><strong>* HƯỚNG DẪN BẢO QUẢN VÀ SỬ DỤNG:</strong></p> <p>- Lần đầu chỉ xả nước lạnh rồi phơi khô để đảm bảo chất và màu của sản phẩm.</p> <p>- Nhớ lộn trái sản phẩm khi giặt và không giặt ngâm.</p> <p>- Không giặt máy trong 2 tuần đầu.</p> <p>- Không sử dụng thuốc tẩy.</p> <p>- Khi phơi lộn trái và không phơi trực tiếp dưới ánh nắng mặt trời.</p>', '135150', '0', 'c26'),
('N6pFW7UiKe3Ox', 'Áo Polo Nữ In Chữ P', 'ao-polo-nu-in-chu-p', '<p><strong>* THÔNG TIN SẢN PHẨM</strong></p> <p>- Tên sản phẩm:&nbsp;Áo Thun nữ Polo In Chữ P 20774</p> <p>- Phù hợp: Mặc đi học, đi làm, đi chơi.</p> <p>- Chất liệu: Vải thun</p> <p>- Bảng màu: Trắng/ Nâu/ Đen/ Xanh dương</p> <p>- Họa tiết: Trơn in hình</p> <p>- Xuất xứ: Sản phẩm tự thiết kế và sản xuất bởi FM Style tại Việt Nam</p> <p>- Cam kết 100% chất lượng từ chất vải đến đường chỉ, phát hiện lỗi được hoàn trả miễn phí.a</p> <p>&nbsp;</p> <p><strong>* HƯỚNG DẪN CHỌN SIZE CHO BẠN</strong></p> <p>- Free size &lt;64kg, chiều cao &lt;175cm</p> <p>Hướng dẫn chọn size ở trên chỉ mang tính chất tham khảo tương đối, tuỳ vào chiều cao và số đo cơ thể mà bạn có thể thay đổi&nbsp;để chọn đúng size sản phẩm phù hợp.</p> <p>&nbsp;</p> <p><strong>* HƯỚNG DẪN BẢO QUẢN VÀ SỬ DỤNG</strong></p> <p>- Lần đầu chỉ xả nước lạnh rồi phơi khô để đảm bảo chất và màu của sản phẩm.</p> <p>- Nhớ lộn trái sản phẩm khi giặt và không giặt ngâm.</p> <p>- Không giặt máy trong 2 tuần đầu.</p> <p>- Không sử dụng thuốc tẩy - Khi phơi lộn trái và không phơi trực tiếp dưới ánh nắng mặt trời.</p>', '160650', '0', 'c13'),
('N6pg5luUkkRKW', 'Váy Cổ Tàu Đính Nút Ngọc', 'vay-co-tau-djinh-nut-ngoc', '<p><strong>* THÔNG TIN SẢN PHẨM</strong></p> <p>- Tên sản phẩm:&nbsp;Váy Cổ Tàu Đính Nút Ngọc</p> <p>- Phù hợp: Mặc đi học, đi làm, đi chơi.</p> <p>- Chất liệu: Vải phi bóng</p> <p>- Bảng màu: Trắng/ Đen/ Đỏ</p> <p>- Họa tiết: Trơn</p> <p>- Xuất xứ: Sản phẩm tự thiết kế và sản xuất bởi FM Style tại Việt Nam</p> <p>- Cam kết 100% chất lượng từ chất vải đến đường chỉ, phát hiện lỗi được hoàn trả miễn phí.</p> <p>&nbsp;</p> <p><strong>* HƯỚNG DẪN CHỌN SIZE CHO BẠN</strong></p> <p>- Freesize: cân nặng &lt;58kg, chiều cao &lt;175cm</p> <p>Hướng dẫn chọn size ở trên chỉ mang tính chất tham khảo tương đối, tuỳ vào chiều cao và số đo cơ thể mà bạn có thể thay đổi&nbsp;để chọn đúng size sản phẩm phù hợp.</p> <p>&nbsp;</p> <p><strong>* HƯỚNG DẪN BẢO QUẢN VÀ SỬ DỤNG</strong></p> <p>- Lần đầu chỉ xả nước lạnh rồi phơi khô để đảm bảo chất và màu của sản phẩm.</p> <p>- Nhớ lộn trái sản phẩm khi giặt và không giặt ngâm.</p> <p>- Không giặt máy trong 2 tuần đầu.</p> <p>- Không sử dụng thuốc tẩy - Khi phơi lộn trái và không phơi trực tiếp dưới ánh nắng mặt trời.</p>', '250750', '0', 'c35'),
('N6pG9vTeFmXV3', 'Váy Caro 2 Dây Bản To', 'vay-caro-2-day-ban-to', '<p><strong>🌟 THÔNG TIN SẢN PHẨM:</strong></p> <p>- Tên sản phẩm:&nbsp;Váy Caro 2 Dây Bản To</p> <p>- Độ tuổi: &gt; 16 tuổi</p> <p>- Phù hợp: Mặc&nbsp;đi chơi, đi dạo,&nbsp;ở nhà.</p> <p>- Chất liệu: Vải thô mềm</p> <p>- Màu sắc: Nhiều màu</p> <p>- Họa tiết: Kẻ caro</p> <p>- Xuất xứ: Tự thiết kế và sản xuất bởi FM Style tại Việt Nam&nbsp;</p> <p>- Cam kết 100% chất lượng từ chất vải đến đường chỉ, phát hiện lỗi được hoàn trả miễn phí.</p> <p><strong>⛔️ HƯỚNG DẪN CHỌN SIZE CHO BẠN:</strong></p> <p>- Freesize &lt; 60kg</p> <p>Size Số +/- 1 kg</p> <p><strong>✅ HƯỚNG DẪN BẢO QUẢN VÀ SỬ DỤNG:</strong></p> <p>- Lần đầu chỉ xả nước lạnh rồi phơi khô để đảm bảo chất và màu của sản phẩm.</p> <p>- Nhớ lộn trái sản phẩm khi giặt và không giặt ngâm.</p> <p>- Không giặt máy trong 2 tuần đầu.</p> <p>- Không sử dụng thuốc tẩy.</p> <p>- Khi phơi lộn trái và không phơi trực tiếp dưới ánh nắng mặt trời.</p>', '140250', '0', 'c32'),
('N6pGFJYCI2TjF', 'Váy Polo Nữ Phối Màu', 'vay-polo-nu-phoi-mau', '<p><strong>* THÔNG TIN SẢN PHẨM:</strong></p> <p>- Tên sản phẩm:&nbsp;Váy Polo Nữ Phối Màu Ngực</p> <p>- Độ tuổi: &gt; 13&nbsp;tuổi</p> <p>- Phù hợp: Mặc đi học, đi làm, đi chơi.</p> <p>- Chất liệu: Vải thun</p> <p>- Màu sắc: Nâu</p> <p>- Họa tiết: Phối màu</p> <p>- Xuất xứ: Tự thiết kế và sản xuất bởi FM Style tại Việt Nam&nbsp;</p> <p>- Cam kết 100% chất lượng từ chất vải đến đường chỉ, phát hiện lỗi được hoàn trả miễn phí.</p> <p>&nbsp;</p> <p><strong>* HƯỚNG DẪN CHỌN SIZE CHO BẠN</strong></p> <p>- Size S: chiều cao &lt;175cm, cân nặng &lt;49kg</p> <p>- Size M: chiều cao &lt;175cm, cân nặng 49kg - 55kg</p> <p>Đơn vị đo: cm</p> <p>&nbsp;</p> <p><strong>* HƯỚNG DẪN BẢO QUẢN VÀ SỬ DỤNG</strong></p> <p>- Lần đầu chỉ xả nước lạnh rồi phơi khô để đảm bảo chất và màu của sản phẩm.</p> <p>- Nhớ lộn trái sản phẩm khi giặt và không giặt ngâm.</p> <p>- Không giặt máy trong 2 tuần đầu.</p> <p>- Không sử dụng thuốc tẩy.</p> <p>- Khi phơi lộn trái và không phơi trực tiếp dưới ánh nắng mặt trời.</p>', '194650', '0', 'c37'),
('N6pgliJpYhV0p', 'Áo Dài Cách Tân Cô Yếm Kèm Chân Váy Dài', 'ao-dai-cach-tan-co-yem-kem-chan-vay-dai', '<p><strong>* THÔNG TIN SẢN PHẨM:</strong></p> <p>- Tên sản phẩm:&nbsp;Áo Dài Cách Tân Cổ Yếm Kèm Chân Váy Dài</p> <p>- Độ tuổi: &gt; 15&nbsp;tuổi</p> <p>- Phù hợp: Mặc đi làm, đi chơi, đi tiệc.</p> <p>- Chất liệu: Vải tơ voan</p> <p>- Màu sắc: Xanh biển/ Hồng</p> <p>- Họa tiết: Hoa ren</p> <p>- Xuất xứ: Tự thiết kế và sản xuất bởi FM Style tại Việt Nam&nbsp;</p> <p>- Cam kết 100% chất lượng từ chất vải đến đường chỉ, phát hiện lỗi được hoàn trả miễn phí.</p> <p>&nbsp;</p> <p><strong>* HƯỚNG DẪN CHỌN SIZE CHO BẠN</strong></p> <p>- Size S: vai 36.5, eo 66, ngực 84, mông 92</p> <p>- Size M:&nbsp;vai 38, eo 70, ngực 88, mông 96</p> <p>&nbsp;</p> <p><strong>* HƯỚNG DẪN BẢO QUẢN VÀ SỬ DỤNG</strong></p> <p>- Lần đầu chỉ xả nước lạnh rồi phơi khô để đảm bảo chất và màu của sản phẩm.</p> <p>- Nhớ lộn trái sản phẩm khi giặt và không giặt ngâm.</p> <p>- Không giặt máy trong 2 tuần đầu.</p> <p>- Không sử dụng thuốc tẩy.</p> <p>- Khi phơi lộn trái và không phơi trực tiếp dưới ánh nắng mặt trời.</p>', '330650', '0', 'c09'),
('N6pgzv9hxU2Vf', 'Áo Thun Nữ Lai Bầu Do It For You', 'ao-thun-nu-lai-bau-do-it-for-you', '<p><strong>* THÔNG TIN SẢN PHẨM</strong></p> <p>- Tên sản phẩm:&nbsp;Áo Thun Nữ Lai Bầu Do It For You</p> <p>- Phù hợp: Mặc đi chơi, ở nhà</p> <p>- Chất liệu: Vải thun</p> <p>- Bảng màu:&nbsp;Trắng/Đen/Vàng/ Nâu</p> <p>- Họa tiết: Trơn in chữ</p> <p>- Xuất xứ: Sản phẩm tự thiết kế và sản xuất bởi FM Style tại Việt Nam</p> <p>- Cam kết 100% chất lượng từ chất vải đến đường chỉ, phát hiện lỗi được hoàn trả miễn phí.a</p> <p>&nbsp;</p> <p><strong>* HƯỚNG DẪN CHỌN SIZE CHO BẠN</strong></p> <p>- Free size &lt;58kg, chiều cao &lt;175cm</p> <p>Hướng dẫn chọn size ở trên chỉ mang tính chất tham khảo tương đối, tuỳ vào chiều cao và số đo cơ thể mà bạn có thể thay đổi&nbsp;để chọn đúng size sản phẩm phù hợp.</p> <p>&nbsp;</p> <p><strong>* HƯỚNG DẪN BẢO QUẢN VÀ SỬ DỤNG</strong></p> <p>- Lần đầu chỉ xả nước lạnh rồi phơi khô để đảm bảo chất và màu của sản phẩm.</p> <p>- Nhớ lộn trái sản phẩm khi giặt và không giặt ngâm.</p> <p>- Không giặt máy trong 2 tuần đầu.</p> <p>- Không sử dụng thuốc tẩy - Khi phơi lộn trái và không phơi trực tiếp dưới ánh nắng mặt trời.</p>', '118150', '0', 'c15'),
('N6pHdpIDOjZ5k', 'Áo Sơ Mi Tay Dài Xẻ Lưng', 'ao-so-mi-tay-dai-xe-lung', '<p><strong>* THÔNG TIN SẢN PHẨM</strong></p> <p>- Tên sản phẩm:&nbsp;Áo Kiểu Tay Dài Cổ Phối Viền</p> <p>- Phù hợp: Mặc đi học, đi làm, đi chơi, ở nhà.</p> <p>- Chất liệu: Vải xốp</p> <p>- Bảng màu: Trắng/ Xanh biển/ Be</p> <p>- Họa tiết: Trơn</p> <p>- Xuất xứ: Sản phẩm tự thiết kế và sản xuất bởi FM Style tại Việt Nam</p> <p>- Cam kết 100% chất lượng từ chất vải đến đường chỉ, phát hiện lỗi được hoàn trả miễn phí.</p> <p>&nbsp;</p> <p><strong>* HƯỚNG DẪN CHỌN SIZE CHO BẠN</strong></p> <p>- Freesize:&nbsp;cân nặng &lt;64kg, chiều cao &lt;177cm</p> <p>Hướng dẫn chọn size ở trên chỉ mang tính chất tham khảo tương đối, tuỳ vào chiều cao và số đo cơ thể mà bạn có thể thay đổi&nbsp;để chọn đúng size sản phẩm phù hợp.</p> <p>&nbsp;</p> <p><strong>* HƯỚNG DẪN BẢO QUẢN VÀ SỬ DỤNG</strong></p> <p>- Lần đầu chỉ xả nước lạnh rồi phơi khô để đảm bảo chất và màu của sản phẩm.</p> <p>- Nhớ lộn trái sản phẩm khi giặt và không giặt ngâm.</p> <p>- Không giặt máy trong 2 tuần đầu.</p> <p>- Không sử dụng thuốc tẩy - Khi phơi lộn trái và không phơi trực tiếp dưới ánh nắng mặt trời.</p>', '182750', '0', 'c14'),
('N6phjNHt6vN22', 'Quần Short Nữ Lưng Thun Rút Dây Trơn', 'quan-short-nu-lung-thun-rut-day-tron', '<p><strong>* THÔNG TIN SẢN PHẨM</strong></p> <p>- Tên sản phẩm:&nbsp;Quần Short Nữ Lưng Thun Rút Dây Trơn</p> <p>- Phù hợp: Mặc đi chơi, ở nhà.</p> <p>- Độ tuổi: &gt; 12&nbsp;tuổi</p> <p>- Chất liệu: Vải tuyết mưa</p> <p>- Bảng màu:&nbsp;Đen/ Trắng/ Nâu/ Cam</p> <p>- Họa tiết: Trơn</p> <p>- Xuất xứ: Sản phẩm tự thiết kế và sản xuất bởi FM Style tại Việt Nam</p> <p>- Cam kết 100% chất lượng từ chất vải đến đường chỉ, phát hiện lỗi được hoàn trả miễn phí.</p> <p>&nbsp;</p> <p><strong>* HƯỚNG DẪN CHỌN SIZE CHO BẠN</strong></p> <p>- Freesize: cân nặng &lt;60kg, chiều cao &lt;175cm</p> <p>Hướng dẫn chọn size ở trên chỉ mang tính chất tham khảo, tuỳ vào chiều cao và số đo cơ thể mà bạn có thể thay đổi&nbsp;để chọn đúng size sản phẩm phù hợp.</p> <p>&nbsp;</p> <p><strong>* HƯỚNG DẪN BẢO QUẢN VÀ SỬ DỤNG</strong></p> <p>- Lần đầu chỉ xả nước lạnh rồi phơi khô để đảm bảo chất và màu của sản phẩm.</p> <p>- Nhớ lộn trái sản phẩm khi giặt và không giặt ngâm.</p> <p>- Không giặt máy trong 2 tuần đầu.</p> <p>- Không sử dụng thuốc tẩy - Khi phơi lộn trái và không phơi trực tiếp dưới ánh nắng mặt trời.</p>', '75650', '0', 'c24'),
('N6phWENqSRj2S', 'Váy 2 Dây Thắt Nơ Ngực', 'vay-2-day-that-no-nguc', '<p><strong>🌟 THÔNG TIN SẢN PHẨM:</strong></p> <p>- Tên sản phẩm:&nbsp;Váy Thiết Kế 2 Dây Nơ Ngực</p> <p>- Độ tuổi: &gt; 16 tuổi</p> <p>- Phù hợp: Mặc&nbsp;đi chơi, đi tiệc.</p> <p>- Chất liệu: Vải phi</p> <p>- Màu sắc: Nhiều màu</p> <p>- Họa tiết: Trơn</p> <p>- Xuất xứ: Tự thiết kế và sản xuất bởi FM Style tại Việt Nam&nbsp;</p> <p>- Cam kết 100% chất lượng từ chất vải đến đường chỉ, phát hiện lỗi được hoàn trả miễn phí.</p> <p><strong>⛔️ HƯỚNG DẪN CHỌN SIZE CHO BẠN:</strong></p> <p>- Size S : 40kg - 47kg</p> <p>- Size M : 48kg - 52kg</p> <p>- Size L: 52kg - 56kg</p> <p>Size Số +/- 1 kg</p> <p><strong>✅ HƯỚNG DẪN BẢO QUẢN VÀ SỬ DỤNG:</strong></p> <p>- Lần đầu chỉ xả nước lạnh rồi phơi khô để đảm bảo chất và màu của sản phẩm.</p> <p>- Nhớ lộn trái sản phẩm khi giặt và không giặt ngâm.</p> <p>- Không giặt máy trong 2 tuần đầu.</p> <p>- Không sử dụng thuốc tẩy.</p> <p>- Khi phơi lộn trái và không phơi trực tiếp dưới ánh nắng mặt trời.</p>', '237150', '0', 'c32'),
('N6pi5Hhq59UhA', 'Áo Thun Nữ Tay Ngắn Bông Hoa', 'ao-thun-nu-tay-ngan-bong-hoa', '<p><strong>* THÔNG TIN SẢN PHẨM</strong></p> <p>- Tên sản phẩm:&nbsp;Áo Thun Nữ Tay Ngắn Bông Hoa</p> <p>- Phù hợp: Mặc đi học, đi làm, đi chơi.</p> <p>- Chất liệu: Vải thun</p> <p>- Bảng màu: Be/ Trắng/ Xanh/ Đen</p> <p>- Họa tiết: Trơn in chữ</p> <p>- Xuất xứ: Sản phẩm tự thiết kế và sản xuất bởi FM Style tại Việt Nam</p> <p>- Cam kết 100% chất lượng từ chất vải đến đường chỉ, phát hiện lỗi được hoàn trả miễn phí.a</p> <p>&nbsp;</p> <p><strong>* HƯỚNG DẪN CHỌN SIZE CHO BẠN</strong></p> <p>- Free size &lt;62kg, chiều cao &lt;175cm</p> <p>Hướng dẫn chọn size ở trên chỉ mang tính chất tham khảo tương đối, tuỳ vào chiều cao và số đo cơ thể mà bạn có thể thay đổi&nbsp;để chọn đúng size sản phẩm phù hợp.</p> <p>&nbsp;</p> <p><strong>* HƯỚNG DẪN BẢO QUẢN VÀ SỬ DỤNG</strong></p> <p>- Lần đầu chỉ xả nước lạnh rồi phơi khô để đảm bảo chất và màu của sản phẩm.</p> <p>- Nhớ lộn trái sản phẩm khi giặt và không giặt ngâm.</p> <p>- Không giặt máy trong 2 tuần đầu.</p> <p>- Không sử dụng thuốc tẩy - Khi phơi lộn trái và không phơi trực tiếp dưới ánh nắng mặt trời.</p>', '135150', '0', 'c15'),
('N6piP3TwukkR5', 'Set Áo Caro Kèm Chân váy Chữ A', 'set-ao-caro-kem-chan-vay-chu-a', '<p><strong>* THÔNG TIN SẢN PHẨM:</strong></p> <p>- Tên sản phẩm:&nbsp;Sét Áo Caro Kèm Chân Váy Chữ A</p> <p>- Độ tuổi: &gt; 14 tuổi</p> <p>- Phù hợp: Mặc&nbsp;đi làm, đi chơi, đi tiệc.</p> <p>- Chất liệu: Vải kate</p> <p>- Màu sắc: Đen/ Xanh dương/ Vàng/ Xanh lá/ Đỏ</p> <p>- Họa tiết: Trơn caro</p> <p>- Xuất xứ: Tự thiết kế và sản xuất bởi FM Style tại Việt Nam&nbsp;</p> <p>- Cam kết 100% chất lượng từ chất vải đến đường chỉ, phát hiện lỗi được hoàn trả miễn phí.</p> <p>&nbsp;</p> <p><strong>* HƯỚNG DẪN CHỌN SIZE CHO BẠN</strong></p> <p>Thông số áo:</p> <p>- Size S: Vai 37, ngực 98, chiều&nbsp;dài 42</p> <p>- Size M: Vai 39, ngực 102, chiều dài&nbsp;42</p> <p>- Size L: Vai 41, ngực 104, chiều dài 43</p> <p>Thông số chân váy:</p> <p>- Size S: Eo 64, mông 92, chiều&nbsp;dài 37</p> <p>- Size M: Eo 66, mông 94, chiều dài&nbsp;37</p> <p>- Size L: Eo 68, mông 96, chiều dài 38</p> <p>Hướng dẫn chọn size ở trên chỉ mang tính chất tham khảo tương đối, tuỳ vào chiều cao và số đo cơ thể mà bạn có thể thay đổi&nbsp;để chọn đúng size sản phẩm phù hợp.</p> <p>&nbsp;</p> <p><strong>* HƯỚNG DẪN BẢO QUẢN VÀ SỬ DỤNG</strong></p> <p>- Lần đầu chỉ xả nước lạnh rồi phơi khô để đảm bảo chất và màu của sản phẩm.</p> <p>- Nhớ lộn trái sản phẩm khi giặt và không giặt ngâm.</p> <p>- Không giặt máy trong 2 tuần đầu.</p> <p>- Không sử dụng thuốc tẩy.</p> <p>- Khi phơi lộn trái và không phơi trực tiếp dưới ánh nắng mặt trời.</p>', '250750', '0', 'c27'),
('N6pir1dt9TWGJ', 'Váy Sát Nách Cổ Tròn Đuôi Cá', 'vay-sat-nach-co-tron-djuoi-ca', '<p><strong>* THÔNG TIN SẢN PHẨM</strong></p> <p>- Tên sản phẩm:&nbsp;Váy Sát Nách Cổ Tròn Đuôi Cá</p> <p>- Phù hợp: Mặc đi học, đi làm, đi chơi.</p> <p>- Chất liệu: Vải kate</p> <p>- Bảng màu: Đen/ Vàng/ Xanh lá/ Xanh biển/ Hồng</p> <p>- Họa tiết: Trơn</p> <p>- Xuất xứ: Sản phẩm tự thiết kế và sản xuất bởi FM Style tại Việt Nam</p> <p>- Cam kết 100% chất lượng từ chất vải đến đường chỉ, phát hiện lỗi được hoàn trả miễn phí.</p> <p>&nbsp;</p> <p><strong>* HƯỚNG DẪN CHỌN SIZE CHO BẠN</strong></p> <p>- Free size &lt;62kg, chiều cao &lt;175cm</p> <p>Hướng dẫn chọn size ở trên chỉ mang tính chất tham khảo tương đối, tuỳ vào chiều cao và số đo cơ thể mà bạn có thể thay đổi&nbsp;để chọn đúng size sản phẩm phù hợp.</p> <p>&nbsp;</p> <p><strong>* HƯỚNG DẪN BẢO QUẢN VÀ SỬ DỤNG</strong></p> <p>- Lần đầu chỉ xả nước lạnh rồi phơi khô để đảm bảo chất và màu của sản phẩm.</p> <p>- Nhớ lộn trái sản phẩm khi giặt và không giặt ngâm.</p> <p>- Không giặt máy trong 2 tuần đầu.</p> <p>- Không sử dụng thuốc tẩy - Khi phơi lộn trái và không phơi trực tiếp dưới ánh nắng mặt trời.</p>', '152150', '0', 'c36'),
('N6pj0z3UmjHHt', 'Áo Kiểu Phối Bèo Vuông Cổ Sen', 'ao-kieu-phoi-beo-vuong-co-sen', '<p><strong>* THÔNG TIN SẢN PHẨM:</strong></p> <p>- Tên sản phẩm:&nbsp;Áo Kiểu Phối Bèo Vuông Cổ Sen</p> <p>- Độ tuổi: &gt; 12&nbsp;tuổi</p> <p>- Phù hợp: Mặc đi làm, đi học, đi chơi.</p> <p>- Chất liệu: Vải tuyết mưa</p> <p>- Bảng màu: Xanh bơ/ Xanh dương/ Đen/ Be</p> <p>- Họa tiết: Trơn&nbsp;</p> <p>- Xuất xứ: Tự thiết kế và sản xuất bởi FM Style tại Việt Nam&nbsp;</p> <p>- Cam kết 100% chất lượng từ chất vải đến đường chỉ, phát hiện lỗi được hoàn trả miễn phí.</p> <p>&nbsp;</p> <p><strong>* HƯỚNG DẪN CHỌN SIZE CHO BẠN</strong></p> <p>- Freesize: cân nặng &lt;62kg, chiều cao &lt;175cm</p> <p>Hướng dẫn chọn size ở trên chỉ mang tính chất tham khảo tương đối, tuỳ vào chiều cao và số đo cơ thể mà bạn có thể thay đổi&nbsp;để chọn đúng size sản phẩm phù hợp.</p> <p>&nbsp;</p> <p><strong>* HƯỚNG DẪN BẢO QUẢN VÀ SỬ DỤNG</strong></p> <p>- Lần đầu chỉ xả nước lạnh rồi phơi khô để đảm bảo chất và màu của sản phẩm.</p> <p>- Nhớ lộn trái sản phẩm khi giặt và không giặt ngâm.</p> <p>- Không giặt máy trong 2 tuần đầu.</p> <p>- Không sử dụng thuốc tẩy.</p> <p>- Khi phơi lộn trái và không phơi trực tiếp dưới ánh nắng mặt trời.</p>', '169150', '0', 'c12'),
('N6pj41MTLm0VD', 'Áo Thun Nữ Xoắn Eo Trơn', 'ao-thun-nu-xoan-eo-tron', '<p><strong>* THÔNG TIN SẢN PHẨM</strong></p> <p>- Tên sản phẩm:&nbsp;Áo Thun Nữ &nbsp;Xoắn Eo Trơn</p> <p>- Phù hợp: Mặc đi học, đi làm, đi chơi.</p> <p>- Chất liệu: Vải thun</p> <p>- Bảng màu: Đen/ Trắng/ Be/ Nâu</p> <p>- Họa tiết: Trơn&nbsp;</p> <p>- Xuất xứ: Sản phẩm tự thiết kế và sản xuất bởi FM Style tại Việt Nam</p> <p>- Cam kết 100% chất lượng từ chất vải đến đường chỉ, phát hiện lỗi được hoàn trả miễn phí.a</p> <p>&nbsp;</p> <p><strong>* HƯỚNG DẪN CHỌN SIZE CHO BẠN</strong></p> <p>- Free size &lt;64kg, chiều cao &lt;175cm</p> <p>Hướng dẫn chọn size ở trên chỉ mang tính chất tham khảo tương đối, tuỳ vào chiều cao và số đo cơ thể mà bạn có thể thay đổi&nbsp;để chọn đúng size sản phẩm phù hợp.</p> <p>&nbsp;</p> <p><strong>* HƯỚNG DẪN BẢO QUẢN VÀ SỬ DỤNG</strong></p> <p>- Lần đầu chỉ xả nước lạnh rồi phơi khô để đảm bảo chất và màu của sản phẩm.</p> <p>- Nhớ lộn trái sản phẩm khi giặt và không giặt ngâm.</p> <p>- Không giặt máy trong 2 tuần đầu.</p> <p>- Không sử dụng thuốc tẩy - Khi phơi lộn trái và không phơi trực tiếp dưới ánh nắng mặt trời.</p>', '126650', '0', 'c15'),
('N6pJmNAOu6WrE', 'Váy Polo Dáng Chữ A 3 Nút', 'vay-polo-dang-chu-a-3-nut', '<p><strong>* THÔNG TIN SẢN PHẨM:</strong></p> <p>- Tên sản phẩm:&nbsp;Váy Polo Dáng Chữ A 3 Nút</p> <p>- Độ tuổi: &gt; 13&nbsp;tuổi</p> <p>- Phù hợp: Mặc đi học, đi làm, đi chơi, đi tiệc.</p> <p>- Chất liệu: Vải thun</p> <p>- Màu sắc: Vàng/ gạch/ Xám/ Hồng</p> <p>- Họa tiết: Trơn</p> <p>- Xuất xứ: Tự thiết kế và sản xuất bởi FM Style tại Việt Nam&nbsp;</p> <p>- Cam kết 100% chất lượng từ chất vải đến đường chỉ, phát hiện lỗi được hoàn trả miễn phí.</p> <p>&nbsp;</p> <p><strong>* HƯỚNG DẪN CHỌN SIZE CHO BẠN</strong></p> <p>- Size S: chiều cao &lt;175cm, cân nặng &lt;49kg</p> <p>- Size M: chiều cao &lt;175cm, cân nặng 49kg - 55kg</p> <p>Đơn vị đo: cm</p> <p>&nbsp;</p> <p><strong>* HƯỚNG DẪN BẢO QUẢN VÀ SỬ DỤNG</strong></p> <p>- Lần đầu chỉ xả nước lạnh rồi phơi khô để đảm bảo chất và màu của sản phẩm.</p> <p>- Nhớ lộn trái sản phẩm khi giặt và không giặt ngâm.</p> <p>- Không giặt máy trong 2 tuần đầu.</p> <p>- Không sử dụng thuốc tẩy.</p> <p>- Khi phơi lộn trái và không phơi trực tiếp dưới ánh nắng mặt trời.</p>', '203150', '0', 'c37'),
('N6pKynvRYTeXt', 'Quần Jeans Nữ Ống Pass Khuy Gài', 'quan-jeans-nu-ong-pass-khuy-gai', '<p><strong>* THÔNG TIN SẢN PHẨM:</strong></p> <p>- Tên sản phẩm:&nbsp;Quần Jeans Nữ Ống Pass Khuy Gài</p> <p>- Độ tuổi: &gt; 16 tuổi</p> <p>- Phù hợp: Mặc&nbsp;đi học, đi làm, đi chơi.</p> <p>- Chất liệu: Vải jeans</p> <p>- Họa tiết: Trơn</p> <p>- Xuất xứ: Tự thiết kế và sản xuất bởi FM Style tại Việt Nam&nbsp;</p> <p>&nbsp;</p> <p><strong>* HƯỚNG DẪN CHỌN SIZE CHO BẠN:</strong></p> <p>- Size S: &lt;48kg</p> <p>- Size M: 48 - 53kg</p> <p>- Size L: 53 - 57kg</p> <p>&nbsp;</p> <p><strong>* HƯỚNG DẪN BẢO QUẢN VÀ SỬ DỤNG:</strong></p> <p>- Lần đầu chỉ xả nước lạnh rồi phơi khô để đảm bảo chất và màu của sản phẩm.</p> <p>- Nhớ lộn trái sản phẩm khi giặt và không giặt ngâm.</p> <p>- Không giặt máy trong 2 tuần đầu.</p> <p>- Không sử dụng thuốc tẩy.</p> <p>- Khi phơi lộn trái và không phơi trực tiếp dưới ánh nắng mặt trời.</p>', '203150', '0', 'c21'),
('N6pKZRqH8DSO1', 'Áo Khoác Mangto Nữ Cổ Vest', 'ao-khoac-mangto-nu-co-vest', '<p><strong>* THÔNG TIN SẢN PHẨM</strong></p> <p>- Tên sản phẩm:&nbsp;Áo Khoác Manto Nữ Cổ Vest</p> <p>- Độ tuổi: &gt; 14&nbsp;tuổi</p> <p>- Phù hợp: Mặc mùa xuân, thu,&nbsp;đông</p> <p>- Màu sắc: Nhiều màu</p> <p>- Họa tiết: Trơn</p> <p>- Chất liệu: Vải kaki</p> <p>- Xuất xứ: Tự thiết kế và sản xuất tại Việt Nam&nbsp;</p> <p>- Cam kết 100% chất lượng từ chất vải đến đường chỉ, phát hiện lỗi được hoàn trả miễn phí.</p> <p>&nbsp;</p> <p><strong>* HƯỚNG DẪN CHỌN SIZE CHO BẠN</strong></p> <p>- Size S: &lt;55kg</p> <p>- Size M: 56&nbsp;- 63kg</p> <p>Hướng dẫn chọn size ở trên chỉ mang tính chất tham khảo tương đối, tuỳ vào chiều cao và số đo cơ thể mà bạn có thể thay đổi&nbsp;để chọn đúng size sản phẩm phù hợp.</p> <p>&nbsp;</p> <p><strong>* HƯỚNG DẪN BẢO QUẢN VÀ SỬ DỤNG</strong></p> <p>- Lần đầu đem về chỉ xả nước lạnh rồi phơi khô để đảm bảo chất và màu của sản phẩm nhé.</p> <p>- Nhớ lộn trái sản phẩm khi giặt và không giặt ngâm.</p> <p>- Không giặt máy trong 2 tuần đầu.</p> <p>- Không sử dụng thuốc tẩy.</p> <p>- Khi phơi lộn trái và không phơi trực tiếp dưới ánh nắng mặt trời.</p>', '318750', '0', 'c16'),
('N6plKXTK8tUmk', 'Áo Thun Nữ Tay Ngắn In Hình Bông Hoa', 'ao-thun-nu-tay-ngan-in-hinh-bong-hoa', '<p><strong>* THÔNG TIN SẢN PHẨM</strong></p> <p>- Tên sản phẩm:&nbsp;Áo Thun Nữ Tay Ngắn In Hình Bông Hoa</p> <p>- Phù hợp: Mặc đi học, đi làm, đi chơi.</p> <p>- Chất liệu: Vải thun</p> <p>- Bảng màu: Trắng/ Xanh lá/ Hồng/ Be</p> <p>- Họa tiết: Trơn in hình</p> <p>- Xuất xứ: Sản phẩm tự thiết kế và sản xuất bởi FM Style tại Việt Nam</p> <p>- Cam kết 100% chất lượng từ chất vải đến đường chỉ, phát hiện lỗi được hoàn trả miễn phí.a</p> <p>&nbsp;</p> <p><strong>* HƯỚNG DẪN CHỌN SIZE CHO BẠN</strong></p> <p>- Free size &lt;64kg, chiều cao &lt;175cm</p> <p>Hướng dẫn chọn size ở trên chỉ mang tính chất tham khảo tương đối, tuỳ vào chiều cao và số đo cơ thể mà bạn có thể thay đổi&nbsp;để chọn đúng size sản phẩm phù hợp.</p> <p>&nbsp;</p> <p><strong>* HƯỚNG DẪN BẢO QUẢN VÀ SỬ DỤNG</strong></p> <p>- Lần đầu chỉ xả nước lạnh rồi phơi khô để đảm bảo chất và màu của sản phẩm.</p> <p>- Nhớ lộn trái sản phẩm khi giặt và không giặt ngâm.</p> <p>- Không giặt máy trong 2 tuần đầu.</p> <p>- Không sử dụng thuốc tẩy - Khi phơi lộn trái và không phơi trực tiếp dưới ánh nắng mặt trời.</p>', '109650', '0', 'c15'),
('N6pm0Vai2NxYr', 'Quần Short Nữ Nhung Tăm Lật Lai', 'quan-short-nu-nhung-tam-lat-lai', '<p><strong>* THÔNG TIN SẢN PHẨM</strong></p> <p>- Tên sản phẩm:&nbsp;Quần Short Kaki Nữ Nhung Tăm Lật Lai</p> <p>- Phù hợp: Mặc đi chơi, ở nhà.</p> <p>- Độ tuổi: &gt; 12&nbsp;tuổi</p> <p>- Chất liệu: Vải nhung tăm</p> <p>- Bảng màu:&nbsp;Đen/ Nâu/ Be</p> <p>- Họa tiết: Trơn</p> <p>- Xuất xứ: Sản phẩm tự thiết kế và sản xuất bởi FM Style tại Việt Nam</p> <p>- Cam kết 100% chất lượng từ chất vải đến đường chỉ, phát hiện lỗi được hoàn trả miễn phí.</p> <p>&nbsp;</p> <p><strong>* HƯỚNG DẪN CHỌN SIZE CHO BẠN</strong></p> <p>- Size S: &lt;48kg</p> <p>- Size M: 49&nbsp;- 54kg</p> <p>- Size L: 53 - 58kg</p> <p>Hướng dẫn chọn size ở trên chỉ mang tính chất tham khảo, tuỳ vào chiều cao và số đo cơ thể mà bạn có thể thay đổi&nbsp;để chọn đúng size sản phẩm phù hợp.</p> <p>&nbsp;</p> <p><strong>* HƯỚNG DẪN BẢO QUẢN VÀ SỬ DỤNG</strong></p> <p>- Lần đầu chỉ xả nước lạnh rồi phơi khô để đảm bảo chất và màu của sản phẩm.</p> <p>- Nhớ lộn trái sản phẩm khi giặt và không giặt ngâm.</p> <p>- Không giặt máy trong 2 tuần đầu.</p> <p>- Không sử dụng thuốc tẩy - Khi phơi lộn trái và không phơi trực tiếp dưới ánh nắng mặt trời.</p>', '140250', '0', 'c24'),
('N6pm7eFeF9pgF', 'Áo Sơ Mi Nữ Tay Dài Form Rộng', 'ao-so-mi-nu-tay-dai-form-rong', '<p><strong>* THÔNG TIN SẢN PHẨM:</strong></p> <p>- Tên sản phẩm:&nbsp;Áo Sơ Mi Nữ Tay Dài Form Rộng</p> <p>- Độ tuổi: &gt; 13&nbsp;tuổi</p> <p>- Phù hợp: Mặc đi làm, đi chơi, đi học.</p> <p>- Chất liệu: Vải lụa</p> <p>- Màu sắc: Trắng/ Xanh dương/ Đen/ Đỏ/ Be</p> <p>- Họa tiết: Trơn</p> <p>- Xuất xứ: Tự thiết kế và sản xuất bởi FM Style tại Việt Nam&nbsp;</p> <p>- Cam kết 100% chất lượng từ chất vải đến đường chỉ, phát hiện lỗi được hoàn trả miễn phí.</p> <p>&nbsp;</p> <p><strong>* HƯỚNG DẪN CHỌN SIZE CHO BẠN</strong></p> <p>- Freesize: cân nặng &lt;64kg, chiều cao &lt;175cm</p> <p>Hướng dẫn chọn size ở trên chỉ mang tính chất tham khảo tương đối, tuỳ vào chiều cao và số đo cơ thể mà bạn có thể thay đổi&nbsp;để chọn đúng size sản phẩm phù hợp.</p> <p>&nbsp;</p> <p><strong>* HƯỚNG DẪN BẢO QUẢN VÀ SỬ DỤNG</strong></p> <p>- Lần đầu chỉ xả nước lạnh rồi phơi khô để đảm bảo chất và màu của sản phẩm.</p> <p>- Nhớ lộn trái sản phẩm khi giặt và không giặt ngâm.</p> <p>- Không giặt máy trong 2 tuần đầu.</p> <p>- Không sử dụng thuốc tẩy.</p> <p>- Khi phơi lộn trái và không phơi trực tiếp dưới ánh nắng mặt trời.</p>', '135150', '0', 'c14'),
('N6pMf3yRU65KD', 'Quần Caro Ống Rộng Cạp Chun', 'quan-caro-ong-rong-cap-chun', '<p><strong>* THÔNG TIN SẢN PHẨM</strong></p> <p>- Tên sản phẩm:&nbsp;Quần Caro Ống Rộng Cạp Chun</p> <p>- Phù hợp: Mặc đi học, đi làm, đi chơi.</p> <p>- Chất liệu: Vải bố caro kẻ</p> <p>- Bảng màu: Đen/ Xanh đậm/ Đỏ/ Be/ Xanh</p> <p>- Họa tiết: Caro</p> <p>- Xuất xứ: Sản phẩm tự thiết kế và sản xuất bởi FM Style tại Việt Nam</p> <p>- Cam kết 100% chất lượng từ chất vải đến đường chỉ, phát hiện lỗi được hoàn trả miễn phí.</p> <p>&nbsp;</p> <p><strong>* HƯỚNG DẪN CHỌN SIZE CHO BẠN</strong></p> <p>- Free size &lt;62kg, chiều cao &lt;175cm</p> <p>Hướng dẫn chọn size ở trên chỉ mang tính chất tham khảo tương đối, tuỳ vào chiều cao và số đo cơ thể mà bạn có thể thay đổi&nbsp;để chọn đúng size sản phẩm phù hợp.</p> <p>&nbsp;</p> <p><strong>* HƯỚNG DẪN BẢO QUẢN VÀ SỬ DỤNG</strong></p> <p>- Lần đầu chỉ xả nước lạnh rồi phơi khô để đảm bảo chất và màu của sản phẩm.</p> <p>- Nhớ lộn trái sản phẩm khi giặt và không giặt ngâm.</p> <p>- Không giặt máy trong 2 tuần đầu.</p> <p>- Không sử dụng thuốc tẩy - Khi phơi lộn trái và không phơi trực tiếp dưới ánh nắng mặt trời.</p>', '99000', '0', 'c20'),
('N6pMH1BzTLDsQ', 'Quần Short Giả Váy 2 Túi', 'quan-short-gia-vay-2-tui', '<p><strong>* THÔNG TIN SẢN PHẨM</strong></p> <p>- Tên sản phẩm:&nbsp;Quần Short Đùi Gấp Lai 2 Túi</p> <p>- Phù hợp: Mặc đi chơi, ở nhà.</p> <p>- Độ tuổi: &gt; 12&nbsp;tuổi</p> <p>- Chất liệu: Vải tuyết mưa</p> <p>- Bảng màu:&nbsp;Đen/ Trắng/ Be</p> <p>- Họa tiết: Trơn</p> <p>- Xuất xứ: Sản phẩm tự thiết kế và sản xuất bởi FM Style tại Việt Nam</p> <p>- Cam kết 100% chất lượng từ chất vải đến đường chỉ, phát hiện lỗi được hoàn trả miễn phí.</p> <p>&nbsp;</p> <p><strong>* HƯỚNG DẪN CHỌN SIZE CHO BẠN</strong></p> <p>- Size S: eo 66, dài 42, mông 88</p> <p>- Size M:&nbsp;eo 68, dài 42, mông 92</p> <p>- Size L: eo 70, dài 44, mông 96</p> <p>Hướng dẫn chọn size ở trên chỉ mang tính chất tham khảo, tuỳ vào chiều cao và số đo cơ thể mà bạn có thể thay đổi&nbsp;để chọn đúng size sản phẩm phù hợp.</p> <p>&nbsp;</p> <p><strong>* HƯỚNG DẪN BẢO QUẢN VÀ SỬ DỤNG</strong></p> <p>- Lần đầu chỉ xả nước lạnh rồi phơi khô để đảm bảo chất và màu của sản phẩm.</p> <p>- Nhớ lộn trái sản phẩm khi giặt và không giặt ngâm.</p> <p>- Không giặt máy trong 2 tuần đầu.</p> <p>- Không sử dụng thuốc tẩy - Khi phơi lộn trái và không phơi trực tiếp dưới ánh nắng mặt trời.</p>', '160650', '0', 'c24'),
('N6pmkrU8HC1Gh', 'Quần Tây Ống Rộng Xếp Ly', 'quan-tay-ong-rong-xep-ly', '<p><strong>* THÔNG TIN SẢN PHẨM:</strong></p> <p>- Tên sản phẩm:&nbsp;Quần Tây Ống Rộng Xếp Ly</p> <p>- Độ tuổi: &gt; 14&nbsp;tuổi</p> <p>- Phù hợp: Mặc&nbsp;đi học, đi làm, đi chơi.</p> <p>- Chất liệu: Vải tuyết mưa</p> <p>- Màu sắc:&nbsp;Đen/ Be</p> <p>- Họa tiết: Trơn</p> <p>- Xuất xứ: Tự thiết kế và sản xuất bởi FM Style tại Việt Nam&nbsp;</p> <p>&nbsp;</p> <p><strong>* HƯỚNG DẪN CHỌN SIZE CHO BẠN:</strong></p> <p>- Size S: Eo 66cm, cân nặng &lt;48kg</p> <p>- Size M: Eo 68cm, cân nặng 49kg - 55kg</p> <p>- Size L: Eo 72cm, cân nặng 55kg - 60kg</p> <p>Hướng dẫn chọn size ở trên chỉ mang tính chất tham khảo tương đối, tuỳ vào chiều cao và số đo cơ thể mà bạn có thể thay đổi&nbsp;để chọn đúng size sản phẩm phù hợp.</p> <p>&nbsp;</p> <p><strong>* HƯỚNG DẪN BẢO QUẢN VÀ SỬ DỤNG:</strong></p> <p>- Lần đầu chỉ xả nước lạnh rồi phơi khô để đảm bảo chất và màu của sản phẩm.</p> <p>- Nhớ lộn trái sản phẩm khi giặt và không giặt ngâm.</p> <p>- Không giặt máy trong 2 tuần đầu.</p> <p>- Không sử dụng thuốc tẩy.</p> <p>- Khi phơi lộn trái và không phơi trực tiếp dưới ánh nắng mặt trời.</p>', '228650', '0', 'c25'),
('N6pMpmkeTHMlP', 'Chân Váy Dài Xếp Ly Nhỏ Lưng Thun', 'chan-vay-dai-xep-ly-nho-lung-thun', '<p><strong>* THÔNG TIN SẢN PHẨM:</strong></p> <p>- Tên sản phẩm: Chân Váy Dài Xếp Ly Nhỏ Lưng Thun</p> <p>- Độ tuổi: &gt; 14&nbsp;tuổi</p> <p>- Phù hợp: Mặc&nbsp;đi làm, đi học, đi tiệc, đi chơi.</p> <p>- Màu sắc: Đen/ Đỏ/ Trắng/ Nâu nhạt/ Be đậm/ Đà/ Da</p> <p>- Họa tiết: Xếp ly nhỏ</p> <p>- Xuất xứ: Tự thiết kế và sản xuất bởi FM Style tại Việt Nam&nbsp;</p> <p>- Cam kết 100% chất lượng từ chất vải đến đường chỉ, phát hiện lỗi được hoàn trả miễn phí.</p> <p>&nbsp;</p> <p><strong>* HƯỚNG DẪN CHỌN SIZE CHO BẠN:</strong></p> <p>- Freesize &lt;60kg</p> <p>Hướng dẫn chọn size ở trên chỉ mang tính chất tham khảo tương đối, tuỳ vào chiều cao và số đo cơ thể mà bạn có thể thay đổi&nbsp;để chọn đúng size sản phẩm phù hợp.</p> <p>&nbsp;</p> <p><strong>* HƯỚNG DẪN BẢO QUẢN VÀ SỬ DỤNG:</strong></p> <p>- Lần đầu chỉ xả nước lạnh rồi phơi khô để đảm bảo chất và màu của sản phẩm.</p> <p>- Nhớ lộn trái sản phẩm khi giặt và không giặt ngâm.</p> <p>- Không giặt máy trong 2 tuần đầu.</p> <p>- Không sử dụng thuốc tẩy.</p> <p>- Khi phơi lộn trái và không phơi trực tiếp dưới ánh nắng mặt trời.</p>', '140250', '0', 'c30'),
('N6pMUppvN5bOp', 'Váy Tay Bồng Thắt Eo Dáng Babydoll', 'vay-tay-bong-that-eo-dang-babydoll', '<p><strong>* THÔNG TIN SẢN PHẨM:</strong></p> <p>- Tên sản phẩm:&nbsp;Váy Tay Bồng Thắt Eo Dáng Babydoll</p> <p>- Độ tuổi: &gt; 15&nbsp;tuổi</p> <p>- Phù hợp: Mặc đi học, đi làm, đi chơi, đi tiệc.</p> <p>- Chất liệu: Vải xốp nhắn</p> <p>- Màu sắc:&nbsp;Trắng/ Đen</p> <p>- Họa tiết: Trơn</p> <p>- Xuất xứ: Tự thiết kế và sản xuất bởi FM Style tại Việt Nam&nbsp;</p> <p>- Cam kết 100% chất lượng từ chất vải đến đường chỉ, phát hiện lỗi được hoàn trả miễn phí.</p> <p>&nbsp;</p> <p><strong>* HƯỚNG DẪN CHỌN SIZE CHO BẠN</strong></p> <p>- Size S : 40kg - 47kg<br> - Size M : 48kg - 57kg<br> Size Số +/- 1 kg</p> <p>Hướng dẫn chọn size ở trên chỉ mang tính chất tham khảo tương đối, tuỳ vào chiều cao và số đo cơ thể mà bạn có thể thay đổi&nbsp;để chọn đúng size sản phẩm phù hợp.<br> &nbsp;</p> <p><strong>* HƯỚNG DẪN BẢO QUẢN VÀ SỬ DỤNG</strong></p> <p>- Lần đầu chỉ xả nước lạnh rồi phơi khô để đảm bảo chất và màu của sản phẩm.</p> <p>- Nhớ lộn trái sản phẩm khi giặt và không giặt ngâm.</p> <p>- Không giặt máy trong 2 tuần đầu.</p> <p>- Không sử dụng thuốc tẩy.</p> <p>- Khi phơi lộn trái và không phơi trực tiếp dưới ánh nắng mặt trời.</p>', '339150', '0', 'c33'),
('N6pNbPoXDswg5', 'Áo Thun Gân Nữ Croptop Đính 5 Nút', 'ao-thun-gan-nu-croptop-djinh-5-nut', '<p><strong>* THÔNG TIN SẢN PHẨM</strong></p> <p>- Tên sản phẩm:&nbsp;Áo Thun Gân Nữ Croptop Đính 5 Nút</p> <p>- Phù hợp: Mặc đi làm, đi chơi, ở nhà</p> <p>- Chất liệu: Vải thun gân</p> <p>- Bảng màu: Đen/ Trắng/ Xanh/ Hồng</p> <p>- Họa tiết: Thun gân</p> <p>- Xuất xứ: Sản phẩm tự thiết kế và sản xuất bởi FM Style tại Việt Nam</p> <p>- Cam kết 100% chất lượng từ chất vải đến đường chỉ, phát hiện lỗi được hoàn trả miễn phí.</p> <p>&nbsp;</p> <p><strong>* HƯỚNG DẪN CHỌN SIZE CHO BẠN</strong></p> <p>- Free size &lt;60kg, chiều cao &lt;175cm</p> <p>Hướng dẫn chọn size ở trên chỉ mang tính chất tham khảo tương đối, tuỳ vào chiều cao và số đo cơ thể mà bạn có thể thay đổi&nbsp;để chọn đúng size sản phẩm phù hợp.</p> <p>&nbsp;</p> <p><strong>* HƯỚNG DẪN BẢO QUẢN VÀ SỬ DỤNG</strong></p> <p>- Lần đầu chỉ xả nước lạnh rồi phơi khô để đảm bảo chất và màu của sản phẩm.</p> <p>- Nhớ lộn trái sản phẩm khi giặt và không giặt ngâm.</p> <p>- Không giặt máy trong 2 tuần đầu.</p> <p>- Không sử dụng thuốc tẩy - Khi phơi lộn trái và không phơi trực tiếp dưới ánh nắng mặt trời.</p>', '84150', '0', 'c08'),
('N6pNlK2rAwV5G', 'Áo Polo Nữ Croptop Khóa Kéo', 'ao-polo-nu-croptop-khoa-keo', '<p><strong>* THÔNG TIN SẢN PHẨM:</strong></p> <p>- Tên sản phẩm: Áo Polo Nữ Croptop Khóa Kéo</p> <p>- Độ tuổi: &gt; 12&nbsp;tuổi</p> <p>- Phù hợp: Mặc đi học, đi làm, đi chơi,&nbsp;ở nhà.</p> <p>- Chất liệu: Vải thun</p> <p>- Màu sắc: Hồng/ Trắng/ Be/ Nâu</p> <p>- Họa tiết: Trơn in chữ&nbsp;</p> <p>- Xuất xứ: Tự thiết kế và sản xuất bởi FM Style tại Việt Nam&nbsp;</p> <p>- Cam kết 100% chất lượng từ chất vải đến đường chỉ, phát hiện lỗi được hoàn trả miễn phí.</p> <p>&nbsp;</p> <p><strong>* HƯỚNG DẪN CHỌN SIZE CHO BẠN</strong></p> <p>- Freesize &lt; 60kg</p> <p>Hướng dẫn chọn size ở trên chỉ mang tính chất tham khảo tương đối, tuỳ vào chiều cao và số đo cơ thể mà bạn có thể thay đổi&nbsp;để chọn đúng size sản phẩm phù hợp.</p> <p>&nbsp;</p> <p><strong>* HƯỚNG DẪN BẢO QUẢN VÀ SỬ DỤNG</strong></p> <p>- Lần đầu chỉ xả nước lạnh rồi phơi khô để đảm bảo chất và màu của sản phẩm.</p> <p>- Nhớ lộn trái sản phẩm khi giặt và không giặt ngâm.</p> <p>- Không giặt máy trong 2 tuần đầu.</p> <p>- Không sử dụng thuốc tẩy.</p> <p>- Khi phơi lộn trái và không phơi trực tiếp dưới ánh nắng mặt trời.</p>', '152150', '0', 'c13'),
('N6poA4vOsmmYF', 'Váy Xòe Dáng Dài Cổ Tim', 'vay-xoe-dang-dai-co-tim', '<p><strong>* THÔNG TIN SẢN PHẨM:</strong></p> <p>- Tên sản phẩm:&nbsp;Váy xòe dáng dài cổ tim</p> <p>- Độ tuổi: &gt; 14 tuổi</p> <p>- Phù hợp: Mặc&nbsp;đi làm, đi chơi, đi tiệc.</p> <p>- Chất liệu: Vải umi</p> <p>- Màu sắc: Trắng/ Đen/ Đỏ tươi/ Đỏ đô</p> <p>- Họa tiết: Trơn</p> <p>- Xuất xứ: Tự thiết kế và sản xuất bởi FM Style tại Việt Nam&nbsp;</p> <p>- Cam kết 100% chất lượng từ chất vải đến đường chỉ, phát hiện lỗi được hoàn trả miễn phí.</p> <p>&nbsp;</p> <p><strong>* HƯỚNG DẪN CHỌN SIZE CHO BẠN</strong></p> <p>- Size S: vai 36, eo 64, ngực 84, mông 88, dài 112</p> <p>- Size M: vai 37, eo 68, ngực 88, mông 92, dài 112</p> <p>- Size L: vai 38,eo 72, ngực 92, mông 96, dài 114</p> <p>Đơn vị đo: cm</p> <p>&nbsp;</p> <p><strong>* HƯỚNG DẪN BẢO QUẢN VÀ SỬ DỤNG</strong></p> <p>- Lần đầu chỉ xả nước lạnh rồi phơi khô để đảm bảo chất và màu của sản phẩm.</p> <p>- Nhớ lộn trái sản phẩm khi giặt và không giặt ngâm.</p> <p>- Không giặt máy trong 2 tuần đầu.</p> <p>- Không sử dụng thuốc tẩy.</p> <p>- Khi phơi lộn trái và không phơi trực tiếp dưới ánh nắng mặt trời.</p>', '250750', '0', 'c35'),
('N6pOonyHOxQMu', 'Áo Sơ Mi Nữ Tay Dài Phối Bèo', 'ao-so-mi-nu-tay-dai-phoi-beo', '<p><strong>* THÔNG TIN SẢN PHẨM:</strong></p> <p>- Tên sản phẩm:&nbsp;Áo Sơ Mi Nữ Tay Dài Phối Bèo</p> <p>- Độ tuổi: &gt; 13&nbsp;tuổi</p> <p>- Phù hợp: Mặc đi làm, đi chơi, đi học, đi tiệc.</p> <p>- Chất liệu: Vải thô</p> <p>- Màu sắc: Be/ Nâu/ Xanh dương</p> <p>- Họa tiết: Trơn</p> <p>- Xuất xứ: Tự thiết kế và sản xuất bởi FM Style tại Việt Nam&nbsp;</p> <p>- Cam kết 100% chất lượng từ chất vải đến đường chỉ, phát hiện lỗi được hoàn trả miễn phí.</p> <p>&nbsp;</p> <p><strong>* HƯỚNG DẪN CHỌN SIZE CHO BẠN</strong></p> <p>- Freesize: cân nặng &lt;63kg, chiều cao &lt;175cm</p> <p>Hướng dẫn chọn size ở trên chỉ mang tính chất tham khảo tương đối, tuỳ vào chiều cao và số đo cơ thể mà bạn có thể thay đổi&nbsp;để chọn đúng size sản phẩm phù hợp.</p> <p>&nbsp;</p> <p><strong>* HƯỚNG DẪN BẢO QUẢN VÀ SỬ DỤNG</strong></p> <p>- Lần đầu chỉ xả nước lạnh rồi phơi khô để đảm bảo chất và màu của sản phẩm.</p> <p>- Nhớ lộn trái sản phẩm khi giặt và không giặt ngâm.</p> <p>- Không giặt máy trong 2 tuần đầu.</p> <p>- Không sử dụng thuốc tẩy.</p> <p>- Khi phơi lộn trái và không phơi trực tiếp dưới ánh nắng mặt trời.</p>', '177650', '0', 'c14'),
('N6ppFqPEvyFtP', 'Áo Thun Nữ In Chữ You Are Loved', 'ao-thun-nu-in-chu-you-are-loved', '<p><strong>* THÔNG TIN SẢN PHẨM</strong></p> <p>- Tên sản phẩm:&nbsp;Áo Thun Nữ Tay Ngắn In Chữ YOU ARE LOVED&nbsp;</p> <p>- Phù hợp: Mặc đi học, đi làm, đi chơi.</p> <p>- Chất liệu: Vải thun</p> <p>- Bảng màu: Be/ Trắng/ Xanh ngọc/ Đen/ Hồng</p> <p>- Họa tiết: Trơn in chữ</p> <p>- Xuất xứ: Sản phẩm tự thiết kế và sản xuất bởi FM Style tại Việt Nam</p> <p>- Cam kết 100% chất lượng từ chất vải đến đường chỉ, phát hiện lỗi được hoàn trả miễn phí.a</p> <p>&nbsp;</p> <p><strong>* HƯỚNG DẪN CHỌN SIZE CHO BẠN</strong></p> <p>- Free size &lt;62kg, chiều cao &lt;175cm</p> <p>Hướng dẫn chọn size ở trên chỉ mang tính chất tham khảo tương đối, tuỳ vào chiều cao và số đo cơ thể mà bạn có thể thay đổi&nbsp;để chọn đúng size sản phẩm phù hợp.</p> <p>&nbsp;</p> <p><strong>* HƯỚNG DẪN BẢO QUẢN VÀ SỬ DỤNG</strong></p> <p>- Lần đầu chỉ xả nước lạnh rồi phơi khô để đảm bảo chất và màu của sản phẩm.</p> <p>- Nhớ lộn trái sản phẩm khi giặt và không giặt ngâm.</p> <p>- Không giặt máy trong 2 tuần đầu.</p> <p>- Không sử dụng thuốc tẩy - Khi phơi lộn trái và không phơi trực tiếp dưới ánh nắng mặt trời.</p>', '135150', '0', 'c15'),
('N6ppLA8kMhddK', 'Áo Sơ Mi Nữ Croptop Tay Dài', 'ao-so-mi-nu-croptop-tay-dai', '<p><strong>* THÔNG TIN SẢN PHẨM</strong></p> <p>- Tên sản phẩm:&nbsp;Áo Sơ Mi Nữ Croptop Tay Dài</p> <p>- Phù hợp: Mặc đi học, đi làm, đi chơi.</p> <p>- Chất liệu: Vải thô</p> <p>- Bảng màu: Trắng/ Vàng/ Xanh</p> <p>- Họa tiết: Trơn</p> <p>- Xuất xứ: Sản phẩm tự thiết kế và sản xuất bởi FM Style tại Việt Nam</p> <p>- Cam kết 100% chất lượng từ chất vải đến đường chỉ, phát hiện lỗi được hoàn trả miễn phí.</p> <p>&nbsp;</p> <p><strong>* HƯỚNG DẪN CHỌN SIZE CHO BẠN</strong></p> <p>- Free size &lt;60kg</p> <p>Hướng dẫn chọn size ở trên chỉ mang tính chất tham khảo tương đối, tuỳ vào chiều cao và số đo cơ thể mà bạn có thể thay đổi&nbsp;để chọn đúng size sản phẩm phù hợp.</p> <p>&nbsp;</p> <p><strong>* HƯỚNG DẪN BẢO QUẢN VÀ SỬ DỤNG</strong></p> <p>- Lần đầu chỉ xả nước lạnh rồi phơi khô để đảm bảo chất và màu của sản phẩm.</p> <p>- Nhớ lộn trái sản phẩm khi giặt và không giặt ngâm.</p> <p>- Không giặt máy trong 2 tuần đầu.</p> <p>- Không sử dụng thuốc tẩy - Khi phơi lộn trái và không phơi trực tiếp dưới ánh nắng mặt trời.</p>', '165750', '0', 'c14'),
('N6pPXuVJd0e0l', 'Áo Thun Tay Ngắn In Chữ BOSTON', 'ao-thun-tay-ngan-in-chu-boston', '<p><strong>* THÔNG TIN SẢN PHẨM</strong></p> <p>- Tên sản phẩm:&nbsp;Áo Thun Tay Ngắn In Chữ BOSTON</p> <p>- Phù hợp: Mặc đi học, đi làm, đi chơi.</p> <p>- Chất liệu: Vải thun</p> <p>- Bảng màu: Đỏ đô/ Xanh lá/ Trắng/ Ghi/ Xám/ Đen/ Xanh bơ/ Nâu/ Be/ Kem/ Xanh tím than</p> <p>- Họa tiết: Trơn in hình</p> <p>- Xuất xứ: Sản phẩm tự thiết kế và sản xuất bởi FM Style tại Việt Nam</p> <p>- Cam kết 100% chất lượng từ chất vải đến đường chỉ, phát hiện lỗi được hoàn trả miễn phí.a</p> <p>&nbsp;</p> <p><strong>* HƯỚNG DẪN CHỌN SIZE CHO BẠN</strong></p> <p>- Free size &lt;64kg, chiều cao &lt;175cm</p> <p>Hướng dẫn chọn size ở trên chỉ mang tính chất tham khảo tương đối, tuỳ vào chiều cao và số đo cơ thể mà bạn có thể thay đổi&nbsp;để chọn đúng size sản phẩm phù hợp.</p> <p>&nbsp;</p> <p><strong>* HƯỚNG DẪN BẢO QUẢN VÀ SỬ DỤNG</strong></p> <p>- Lần đầu chỉ xả nước lạnh rồi phơi khô để đảm bảo chất và màu của sản phẩm.</p> <p>- Nhớ lộn trái sản phẩm khi giặt và không giặt ngâm.</p> <p>- Không giặt máy trong 2 tuần đầu.</p> <p>- Không sử dụng thuốc tẩy - Khi phơi lộn trái và không phơi trực tiếp dưới ánh nắng mặt trời.</p>', '109650', '0', 'c15'),
('N6prh9QKfP6Zk', 'Áo Dài Tay Cách Tiên Cổ Tàu Kèm Quần', 'ao-dai-tay-cach-tien-co-tau-kem-quan', '<p><strong>* THÔNG TIN SẢN PHẨM:</strong></p> <p>- Tên sản phẩm:&nbsp;Áo Dài Tay Cánh Tiên Cổ Tàu Kèm Quần</p> <p>- Độ tuổi: &gt; 15&nbsp;tuổi</p> <p>- Phù hợp: Mặc&nbsp;đi làm, đi chơi, đi tiệc.</p> <p>- Chất liệu: Vải lụa</p> <p>- Màu sắc: Nhiều màu</p> <p>- Họa tiết: Hoa</p> <p>- Xuất xứ: Tự thiết kế và sản xuất bởi FM Style tại Việt Nam&nbsp;</p> <p>- Cam kết 100% chất lượng từ chất vải đến đường chỉ, phát hiện lỗi được hoàn trả miễn phí.</p> <p>&nbsp;</p> <p><strong>* HƯỚNG DẪN CHỌN SIZE CHO BẠN</strong></p> <p>- Size S: vai 36.5, eo 66, ngực 84, mông 92</p> <p>- Size M:&nbsp;vai 38, eo 70, ngực 88, mông 96</p> <p>- Size L: vai 39, eo 74, ngực 92, mông 98</p> <p>&nbsp;</p> <p><strong>* HƯỚNG DẪN BẢO QUẢN VÀ SỬ DỤNG</strong></p> <p>- Lần đầu chỉ xả nước lạnh rồi phơi khô để đảm bảo chất và màu của sản phẩm.</p> <p>- Nhớ lộn trái sản phẩm khi giặt và không giặt ngâm.</p> <p>- Không giặt máy trong 2 tuần đầu.</p> <p>- Không sử dụng thuốc tẩy.</p> <p>- Khi phơi lộn trái và không phơi trực tiếp dưới ánh nắng mặt trời.</p>', '211650', '0', 'c09'),
('N6pRjqdrqWUK2', 'Áo Thun Nữ Croptop In Hình Con Gái', 'ao-thun-nu-croptop-in-hinh-con-gai', '<p><strong>* THÔNG TIN SẢN PHẨM</strong></p> <p>- Tên sản phẩm:&nbsp;Áo Thun Croptop In Hình Con Gái</p> <p>- Phù hợp: Mặc đi học, đi làm, đi chơi, ở nhà.</p> <p>- Chất liệu: Vải thun</p> <p>- Bảng màu: Đen/ Trắng/ Nâu/ Be</p> <p>- Họa tiết: Trơn in hình</p> <p>- Xuất xứ: Sản phẩm tự thiết kế và sản xuất bởi FM Style tại Việt Nam</p> <p>- Cam kết 100% chất lượng từ chất vải đến đường chỉ, phát hiện lỗi được hoàn trả miễn phí.</p> <p>&nbsp;</p> <p><strong>* HƯỚNG DẪN CHỌN SIZE CHO BẠN</strong></p> <p>- Freesize: cân nặng &lt;55kg</p> <p>&nbsp;</p> <p><strong>* HƯỚNG DẪN BẢO QUẢN VÀ SỬ DỤNG</strong></p> <p>- Lần đầu chỉ xả nước lạnh rồi phơi khô để đảm bảo chất và màu của sản phẩm.</p> <p>- Nhớ lộn trái sản phẩm khi giặt và không giặt ngâm.</p> <p>- Không giặt máy trong 2 tuần đầu.</p> <p>- Không sử dụng thuốc tẩy - Khi phơi lộn trái và không phơi trực tiếp dưới ánh nắng mặt trời.</p>', '101150', '0', 'c08'),
('N6prWOxVjTA7R', 'Quần Short Jean Gấp Lai', 'quan-short-jean-gap-lai', '<p><strong>* THÔNG TIN SẢN PHẨM</strong></p> <p>- Tên sản phẩm:&nbsp;Quần Short Jean Gấp Lai</p> <p>- Phù hợp: Mặc đi chơi, ở nhà</p> <p>- Độ tuổi: &gt; 12&nbsp;tuổi</p> <p>- Chất liệu: Vải jeans</p> <p>- Bảng màu:&nbsp;Đen/ Xám/ Xanh jean đậm/ Xanh jean nhạt</p> <p>- Họa tiết: Trơn</p> <p>- Xuất xứ: Sản phẩm tự thiết kế và sản xuất bởi FM Style tại Việt Nam</p> <p>- Cam kết 100% chất lượng từ chất vải đến đường chỉ, phát hiện lỗi được hoàn trả miễn phí.</p> <p>&nbsp;</p> <p><strong>* HƯỚNG DẪN CHỌN SIZE CHO BẠN</strong></p> <p>- Size S: &lt;48kg</p> <p>- Size M: 49&nbsp;- 54kg</p> <p>- Size L: 53 - 58kg</p> <p>Hướng dẫn chọn size ở trên chỉ mang tính chất tham khảo, tuỳ vào chiều cao và số đo cơ thể mà bạn có thể thay đổi&nbsp;để chọn đúng size sản phẩm phù hợp.</p> <p>&nbsp;</p> <p><strong>* HƯỚNG DẪN BẢO QUẢN VÀ SỬ DỤNG</strong></p> <p>- Lần đầu chỉ xả nước lạnh rồi phơi khô để đảm bảo chất và màu của sản phẩm.</p> <p>- Nhớ lộn trái sản phẩm khi giặt và không giặt ngâm.</p> <p>- Không giặt máy trong 2 tuần đầu.</p> <p>- Không sử dụng thuốc tẩy - Khi phơi lộn trái và không phơi trực tiếp dưới ánh nắng mặt trời.</p>', '135150', '0', 'c24'),
('N6pSPnqf7Y7bU', 'Chân Váy Xòe Kaki 2 Túi Bên', 'chan-vay-xoe-kaki-2-tui-ben', '<p><strong>* THÔNG TIN SẢN PHẨM:</strong></p> <p>- Tên sản phẩm:&nbsp;Chân Váy Xòe Kaki 2 Túi Bên</p> <p>- Độ tuổi: &gt; 13&nbsp;tuổi</p> <p>- Phù hợp: Mặc đi làm, đi chơi, đi học, đi tiệc.</p> <p>- Chất liệu: Vải kaki</p> <p>- Màu sắc: Nâu/ Trắng/ Kem</p> <p>- Họa tiết: Trơn</p> <p>- Xuất xứ: Tự thiết kế và sản xuất bởi FM Style tại Việt Nam&nbsp;</p> <p>- Cam kết 100% chất lượng từ chất vải đến đường chỉ, phát hiện lỗi được hoàn trả miễn phí.</p> <p>&nbsp;</p> <p><strong>* HƯỚNG DẪN CHỌN SIZE CHO BẠN</strong></p> <p>- Size S:&nbsp;lưng 64, mông 92, dài 42</p> <p>- Size M:&nbsp;lưng 68, mông 94, dài 42</p> <p>- Size L:&nbsp;lưng 70, mông 96, dài 43</p> <p>Hướng dẫn chọn size ở trên chỉ mang tính chất tham khảo tương đối, tuỳ vào chiều cao và số đo cơ thể mà bạn có thể thay đổi&nbsp;để chọn đúng size sản phẩm phù hợp.</p> <p>&nbsp;</p> <p><strong>* HƯỚNG DẪN BẢO QUẢN VÀ SỬ DỤNG</strong></p> <p>- Lần đầu chỉ xả nước lạnh rồi phơi khô để đảm bảo chất và màu của sản phẩm.</p> <p>- Nhớ lộn trái sản phẩm khi giặt và không giặt ngâm.</p> <p>- Không giặt máy trong 2 tuần đầu.</p> <p>- Không sử dụng thuốc tẩy.</p> <p>- Khi phơi lộn trái và không phơi trực tiếp dưới ánh nắng mặt trời.</p>', '169150', '0', 'c31'),
('N6pTlqFuHOHyk', 'Quần Short Nữ Lưng Cao 2 Nút', 'quan-short-nu-lung-cao-2-nut', '<p><strong>* THÔNG TIN SẢN PHẨM</strong></p> <p>- Tên sản phẩm:&nbsp;Quần Short Kaki Nữ Lưng Cao 2 Nút</p> <p>- Phù hợp: Mặc đi chơi, ở nhà.</p> <p>- Độ tuổi: &gt; 12&nbsp;tuổi</p> <p>- Chất liệu: Vải kaki</p> <p>- Bảng màu:&nbsp;Đen/ Be nhạt/ Trắng/ Be đậm</p> <p>- Họa tiết: Trơn</p> <p>- Xuất xứ: Sản phẩm tự thiết kế và sản xuất bởi FM Style tại Việt Nam</p> <p>- Cam kết 100% chất lượng từ chất vải đến đường chỉ, phát hiện lỗi được hoàn trả miễn phí.</p> <p>&nbsp;</p> <p><strong>* HƯỚNG DẪN CHỌN SIZE CHO BẠN</strong></p> <p>- Size S: &lt;48kg</p> <p>- Size M: 49&nbsp;- 54kg</p> <p>- Size L: 54&nbsp;- 59kg</p> <p>Hướng dẫn chọn size ở trên chỉ mang tính chất tham khảo, tuỳ vào chiều cao và số đo cơ thể mà bạn có thể thay đổi&nbsp;để chọn đúng size sản phẩm phù hợp.</p> <p>&nbsp;</p> <p><strong>* HƯỚNG DẪN BẢO QUẢN VÀ SỬ DỤNG</strong></p> <p>- Lần đầu chỉ xả nước lạnh rồi phơi khô để đảm bảo chất và màu của sản phẩm.</p> <p>- Nhớ lộn trái sản phẩm khi giặt và không giặt ngâm.</p> <p>- Không giặt máy trong 2 tuần đầu.</p> <p>- Không sử dụng thuốc tẩy - Khi phơi lộn trái và không phơi trực tiếp dưới ánh nắng mặt trời.</p>', '148750', '0', 'c24'),
('N6pu59zHnSQEr', 'Váy Polo Cổ Sen Đính Nút', 'vay-polo-co-sen-djinh-nut', '<p><strong>* THÔNG TIN SẢN PHẨM:</strong></p> <p>- Tên sản phẩm:&nbsp;Váy Chữ A Xòe Cổ Sen Đính Nút</p> <p>- Độ tuổi: &gt; 14 tuổi</p> <p>- Phù hợp: Mặc đi học, đi làm, đi chơi, ở nhà.</p> <p>- Chất liệu: Vải thun gân</p> <p>- Màu sắc: Đen/ Xanh/ Kem/ Nâu</p> <p>- Họa tiết: Trơn</p> <p>- Xuất xứ: Tự thiết kế và sản xuất bởi FM Style tại Việt Nam&nbsp;</p> <p>- Cam kết 100% chất lượng từ chất vải đến đường chỉ, phát hiện lỗi được hoàn trả miễn phí.</p> <p>&nbsp;</p> <p><strong>* HƯỚNG DẪN CHỌN SIZE CHO BẠN</strong></p> <p>- Freesize: cân nặng &lt;58kg, chiều cao &lt;175cm</p> <p>&nbsp;</p> <p><strong>* HƯỚNG DẪN BẢO QUẢN VÀ SỬ DỤNG</strong></p> <p>- Lần đầu chỉ xả nước lạnh rồi phơi khô để đảm bảo chất và màu của sản phẩm.</p> <p>- Nhớ lộn trái sản phẩm khi giặt và không giặt ngâm.</p> <p>- Không giặt máy trong 2 tuần đầu.</p> <p>- Không sử dụng thuốc tẩy.</p> <p>- Khi phơi lộn trái và không phơi trực tiếp dưới ánh nắng mặt trời.</p>', '157250', '0', 'c37'),
('N6pV1fYxqRt2I', 'Quần Suông Gân Tăm Ống Rộng', 'quan-suong-gan-tam-ong-rong', '<p><strong>* THÔNG TIN SẢN PHẨM</strong></p> <p>- Tên sản phẩm:&nbsp;Quần Suông Gân Tăm Ống Rộng&nbsp;</p> <p>- Phù hợp: Mặc đi học, đi chơi.</p> <p>- Chất liệu: Vải gân</p> <p>- Bảng màu: Đen/ Xanh dương/ Nâu đậm/ Nâu nhạt/ Be</p> <p>- Họa tiết: Trơn&nbsp;</p> <p>- Xuất xứ: Sản phẩm tự thiết kế và sản xuất bởi FM Style tại Việt Nam</p> <p>- Cam kết 100% chất lượng từ chất vải đến đường chỉ, phát hiện lỗi được hoàn trả miễn phí.</p> <p>&nbsp;</p> <p><strong>* HƯỚNG DẪN CHỌN SIZE CHO BẠN</strong></p> <p>- Free size &lt;62kg, chiều cao &lt;175cm</p> <p>Hướng dẫn chọn size ở trên chỉ mang tính chất tham khảo tương đối, tuỳ vào chiều cao và số đo cơ thể mà bạn có thể thay đổi&nbsp;để chọn đúng size sản phẩm phù hợp.</p> <p>&nbsp;</p> <p><strong>* HƯỚNG DẪN BẢO QUẢN VÀ SỬ DỤNG</strong></p> <p>- Lần đầu chỉ xả nước lạnh rồi phơi khô để đảm bảo chất và màu của sản phẩm.</p> <p>- Nhớ lộn trái sản phẩm khi giặt và không giặt ngâm.</p> <p>- Không giặt máy trong 2 tuần đầu.</p> <p>- Không sử dụng thuốc tẩy - Khi phơi lộn trái và không phơi trực tiếp dưới ánh nắng mặt trời.</p>', '143650', '0', 'c20'),
('N6pVR8Lf9JkYn', 'Set Kiểu Cổ Bèo Kèm Quần Short', 'set-kieu-co-beo-kem-quan-short', '<p><strong>* THÔNG TIN SẢN PHẨM:</strong></p> <p>- Tên sản phẩm:&nbsp;Sét Áo Kiểu Cổ Bèo + Quần Short</p> <p>- Độ tuổi: &gt; 14&nbsp;tuổi</p> <p>- Phù hợp: Mặc&nbsp;đi chơi, đi tiệc, đi du lịch, đi dạo.</p> <p>- Chất liệu:&nbsp;</p> <p>- Màu sắc: Trắng/ Xanh ngọc/ Xanh biển/ Be</p> <p>- Họa tiết: Trơn</p> <p>- Xuất xứ: Tự thiết kế và sản xuất bởi FM Style tại Việt Nam&nbsp;</p> <p>- Cam kết 100% chất lượng từ chất vải đến đường chỉ, phát hiện lỗi được hoàn trả miễn phí.</p> <p>&nbsp;</p> <p><strong>* HƯỚNG DẪN CHỌN SIZE CHO BẠN:</strong></p> <p>Thông số áo:</p> <p>- Size&nbsp;S: vai: 37, ngực 86, dài 41</p> <p>- Size M: vai: 38, ngực&nbsp;90, dài&nbsp;41</p> <p>- Size L: vai 39, ngực 94, dài 42</p> <p>Thông số quần</p> <p>- Size&nbsp;S: eo 64, mông 92, dài&nbsp;40</p> <p>- Size M: eo 68, mông 94, dài 40</p> <p>- Size L: eo 70, mông 96, dài 41</p> <p>Đơn vị đo: cm</p> <p>&nbsp;</p> <p><strong>* HƯỚNG DẪN BẢO QUẢN VÀ SỬ DỤNG:</strong></p> <p>- Lần đầu chỉ xả nước lạnh rồi phơi khô để đảm bảo chất và màu của sản phẩm.</p> <p>- Nhớ lộn trái sản phẩm khi giặt và không giặt ngâm.</p> <p>- Không giặt máy trong 2 tuần đầu.</p> <p>- Không sử dụng thuốc tẩy.</p> <p>- Khi phơi lộn trái và không phơi trực tiếp dưới ánh nắng mặt trời.</p>', '296650', '0', 'c26'),
('N6pw5yIczZSoj', 'Áo Polo Nữ In Hình Gấu Senseless', 'ao-polo-nu-in-hinh-gau-senseless', '<p><strong>* THÔNG TIN SẢN PHẨM</strong></p> <p>- Tên sản phẩm:&nbsp;Áo Polo Nữ In Hình Gấu SENSELESS</p> <p>- Phù hợp: Mặc đi học, đi làm, đi chơi.</p> <p>- Chất liệu: Vải thun</p> <p>- Bảng màu: Trắng/ Nâu/ Đen</p> <p>- Họa tiết: Trơn in hình</p> <p>- Xuất xứ: Sản phẩm tự thiết kế và sản xuất bởi FM Style tại Việt Nam</p> <p>- Cam kết 100% chất lượng từ chất vải đến đường chỉ, phát hiện lỗi được hoàn trả miễn phí.a</p> <p>&nbsp;</p> <p><strong>* HƯỚNG DẪN CHỌN SIZE CHO BẠN</strong></p> <p>- Free size &lt;64kg, chiều cao &lt;175cm</p> <p>Hướng dẫn chọn size ở trên chỉ mang tính chất tham khảo tương đối, tuỳ vào chiều cao và số đo cơ thể mà bạn có thể thay đổi&nbsp;để chọn đúng size sản phẩm phù hợp.</p> <p>&nbsp;</p> <p><strong>* HƯỚNG DẪN BẢO QUẢN VÀ SỬ DỤNG</strong></p> <p>- Lần đầu chỉ xả nước lạnh rồi phơi khô để đảm bảo chất và màu của sản phẩm.</p> <p>- Nhớ lộn trái sản phẩm khi giặt và không giặt ngâm.</p> <p>- Không giặt máy trong 2 tuần đầu.</p> <p>- Không sử dụng thuốc tẩy - Khi phơi lộn trái và không phơi trực tiếp dưới ánh nắng mặt trời.</p>', '152150', '0', 'c13'),
('N6pWBn0ql8unm', 'Áo Dài Xốp Cổ U Kèm Quần', 'ao-dai-xop-co-u-kem-quan', '<p><strong>* THÔNG TIN SẢN PHẨM:</strong></p> <p>- Tên sản phẩm:&nbsp;Áo Dài Xốp Cổ U Kèm Quần</p> <p>- Độ tuổi: &gt; 15&nbsp;tuổi</p> <p>- Phù hợp: Mặc đi làm, đi chơi, đi tiệc.</p> <p>- Chất liệu: Vải xốp</p> <p>- Màu sắc: Hồng/ Đỏ/ Xanh/ Trắng</p> <p>- Họa tiết: Trơn</p> <p>- Xuất xứ: Tự thiết kế và sản xuất bởi FM Style tại Việt Nam&nbsp;</p> <p>- Cam kết 100% chất lượng từ chất vải đến đường chỉ, phát hiện lỗi được hoàn trả miễn phí.</p> <p>&nbsp;</p> <p><strong>* HƯỚNG DẪN CHỌN SIZE CHO BẠN</strong></p> <p>- Size S: vai 36.5, eo 66, ngực 84, mông 92</p> <p>- Size M:&nbsp;vai 38, eo 70, ngực 88, mông 96</p> <p>- Size L: vai 39, eo 74, ngực 92, mông 98</p> <p>&nbsp;</p> <p><strong>* HƯỚNG DẪN BẢO QUẢN VÀ SỬ DỤNG</strong></p> <p>- Lần đầu chỉ xả nước lạnh rồi phơi khô để đảm bảo chất và màu của sản phẩm.</p> <p>- Nhớ lộn trái sản phẩm khi giặt và không giặt ngâm.</p> <p>- Không giặt máy trong 2 tuần đầu.</p> <p>- Không sử dụng thuốc tẩy.</p> <p>- Khi phơi lộn trái và không phơi trực tiếp dưới ánh nắng mặt trời.</p>', '335750', '0', 'c09'),
('N6pWciWIk96rz', 'Váy Polo Tay Ngắn Cổ Bẻ Xòe', 'vay-polo-tay-ngan-co-be-xoe', '<p><strong>* THÔNG TIN SẢN PHẨM:</strong></p> <p>- Tên sản phẩm:&nbsp;</p> <p>- Độ tuổi: &gt; 14 tuổi</p> <p>- Phù hợp: Mặc đi học, đi làm, đi chơi, ở nhà.</p> <p>- Chất liệu: Vải thun gân</p> <p>- Màu sắc: Đen/ Xanh dương/ Kem/ Nâu</p> <p>- Họa tiết: Trơn</p> <p>- Xuất xứ: Tự thiết kế và sản xuất bởi FM Style tại Việt Nam&nbsp;</p> <p>- Cam kết 100% chất lượng từ chất vải đến đường chỉ, phát hiện lỗi được hoàn trả miễn phí.</p> <p>&nbsp;</p> <p><strong>* HƯỚNG DẪN CHỌN SIZE CHO BẠN</strong></p> <p>- Freesize: cân nặng &lt;58kg, chiều cao &lt;175cm</p> <p>&nbsp;</p> <p><strong>* HƯỚNG DẪN BẢO QUẢN VÀ SỬ DỤNG</strong></p> <p>- Lần đầu chỉ xả nước lạnh rồi phơi khô để đảm bảo chất và màu của sản phẩm.</p> <p>- Nhớ lộn trái sản phẩm khi giặt và không giặt ngâm.</p> <p>- Không giặt máy trong 2 tuần đầu.</p> <p>- Không sử dụng thuốc tẩy.</p> <p>- Khi phơi lộn trái và không phơi trực tiếp dưới ánh nắng mặt trời.</p>', '152150', '0', 'c37'),
('N6pwsHiEuKVF5', 'Áo Thun Nữ Tay Ngắn In Chữ Take It Easy', 'ao-thun-nu-tay-ngan-in-chu-take-it-easy', '<p><strong>* THÔNG TIN SẢN PHẨM</strong></p> <p>- Tên sản phẩm:&nbsp;Áo Thun Nữ Tay Ngắn In Chữ Take It Easy</p> <p>- Phù hợp: Mặc đi học, đi làm, đi chơi.</p> <p>- Chất liệu: Vải thun</p> <p>- Bảng màu: Be/ Trắng/ Xanh biển/ Vàng</p> <p>- Họa tiết: Trơn in chữ</p> <p>- Xuất xứ: Sản phẩm tự thiết kế và sản xuất bởi FM Style tại Việt Nam</p> <p>- Cam kết 100% chất lượng từ chất vải đến đường chỉ, phát hiện lỗi được hoàn trả miễn phí.a</p> <p>&nbsp;</p> <p><strong>* HƯỚNG DẪN CHỌN SIZE CHO BẠN</strong></p> <p>- Free size &lt;62kg, chiều cao &lt;175cm</p> <p>Hướng dẫn chọn size ở trên chỉ mang tính chất tham khảo tương đối, tuỳ vào chiều cao và số đo cơ thể mà bạn có thể thay đổi&nbsp;để chọn đúng size sản phẩm phù hợp.</p> <p>&nbsp;</p> <p><strong>* HƯỚNG DẪN BẢO QUẢN VÀ SỬ DỤNG</strong></p> <p>- Lần đầu chỉ xả nước lạnh rồi phơi khô để đảm bảo chất và màu của sản phẩm.</p> <p>- Nhớ lộn trái sản phẩm khi giặt và không giặt ngâm.</p> <p>- Không giặt máy trong 2 tuần đầu.</p> <p>- Không sử dụng thuốc tẩy - Khi phơi lộn trái và không phơi trực tiếp dưới ánh nắng mặt trời.</p>', '135150', '0', 'c15'),
('N6pwVDAuL1TWK', 'Quần Baggy kaki Trơn Nữ', 'quan-baggy-kaki-tron-nu', '<p><strong>* THÔNG TIN SẢN PHẨM:</strong></p> <p>- Tên sản phẩm:&nbsp;Quần Baggy Kaki Trơn Nữ</p> <p>- Độ tuổi: &gt; 13&nbsp;tuổi</p> <p>- Phù hợp: Mặc&nbsp;đi học, đi làm, đi chơi.</p> <p>- Chất liệu: Vải kaki</p> <p>- Màu sắc: Kem/ Đen</p> <p>- Họa tiết: Trơn</p> <p>- Xuất xứ: Tự thiết kế và sản xuất bởi FM Style tại Việt Nam&nbsp;</p> <p>&nbsp;</p> <p><strong>* HƯỚNG DẪN CHỌN SIZE CHO BẠN:</strong></p> <p>- Size S: 42 - 48kg</p> <p>- Size M: 49&nbsp;- 54kg</p> <p>- Size L: 55&nbsp;- 58kg</p> <p>Hướng dẫn chọn size ở trên chỉ mang tính chất tham khảo tương đối, tuỳ vào chiều cao và số đo cơ thể mà bạn có thể thay đổi&nbsp;để chọn đúng size sản phẩm phù hợp.</p> <p>&nbsp;</p> <p><strong>* HƯỚNG DẪN BẢO QUẢN VÀ SỬ DỤNG:</strong></p> <p>- Lần đầu chỉ xả nước lạnh rồi phơi khô để đảm bảo chất và màu của sản phẩm.</p> <p>- Nhớ lộn trái sản phẩm khi giặt và không giặt ngâm.</p> <p>- Không giặt máy trong 2 tuần đầu.</p> <p>- Không sử dụng thuốc tẩy.</p> <p>- Khi phơi lộn trái và không phơi trực tiếp dưới ánh nắng mặt trời.</p>', '165750', '0', 'c22'),
('N6pwxyjoxTfgV', 'Chân Váy Kiểu Phối Xếp Ly 2 Nút', 'chan-vay-kieu-phoi-xep-ly-2-nut', '<p><strong>* THÔNG TIN SẢN PHẨM:</strong></p> <p>- Tên sản phẩm:&nbsp;Chân Váy Kiểu Phối Xếp Ly 2 Nút</p> <p>- Độ tuổi: &gt; 13&nbsp;tuổi</p> <p>- Phù hợp: Mặc đi làm, đi chơi.</p> <p>- Chất liệu: Vải umi</p> <p>- Màu sắc: Nâu/ Be/ Đen/ Rêu</p> <p>- Họa tiết: Trơn</p> <p>- Xuất xứ: Tự thiết kế và sản xuất bởi FM Style tại Việt Nam&nbsp;</p> <p>- Cam kết 100% chất lượng từ chất vải đến đường chỉ, phát hiện lỗi được hoàn trả miễn phí.</p> <p>&nbsp;</p> <p><strong>* HƯỚNG DẪN CHỌN SIZE CHO BẠN</strong></p> <p>- Size S:&nbsp;lưng 64, mông 92, dài 42</p> <p>- Size M:&nbsp;lưng 68, mông 94, dài 42</p> <p>- Size L:&nbsp;lưng 70, mông 96, dài 43</p> <p>Hướng dẫn chọn size ở trên chỉ mang tính chất tham khảo tương đối, tuỳ vào chiều cao và số đo cơ thể mà bạn có thể thay đổi&nbsp;để chọn đúng size sản phẩm phù hợp.</p> <p>&nbsp;</p> <p><strong>* HƯỚNG DẪN BẢO QUẢN VÀ SỬ DỤNG</strong></p> <p>- Lần đầu chỉ xả nước lạnh rồi phơi khô để đảm bảo chất và màu của sản phẩm.</p> <p>- Nhớ lộn trái sản phẩm khi giặt và không giặt ngâm.</p> <p>- Không giặt máy trong 2 tuần đầu.</p> <p>- Không sử dụng thuốc tẩy.</p> <p>- Khi phơi lộn trái và không phơi trực tiếp dưới ánh nắng mặt trời.</p>', '183600', '0', 'c30'),
('N6pWygoyNLBvF', 'Váy 2 Dây Bên Tà Chéo Xếp Ly Dưới', 'vay-2-day-ben-ta-cheo-xep-ly-duoi', '<p><strong>* THÔNG TIN SẢN PHẨM:</strong></p> <p>- Tên sản phẩm:&nbsp;Váy 2 Dây Bên Tà Chéo Xếp Ly Dưới</p> <p>- Độ tuổi: &gt; 16 tuổi</p> <p>- Phù hợp: Mặc&nbsp;đi chơi, dự tiệc</p> <p>- Chất liệu: Vải bố thái</p> <p>- Màu sắc: Nhiều màu</p> <p>- Họa tiết: Trơn</p> <p>- Xuất xứ: Tự thiết kế và sản xuất bởi FM Style tại Việt Nam&nbsp;</p> <p>- Cam kết 100% chất lượng từ chất vải đến đường chỉ, phát hiện lỗi được hoàn trả miễn phí.</p> <p><strong>* HƯỚNG DẪN CHỌN SIZE CHO BẠN:</strong></p> <p>- Size S:&nbsp;vai 37, eo 66, ngực 82, dài 105, mông 88</p> <p>- Size M: vai 38, eo 70, ngực 86, dài 105, mông 92</p> <p>- Size L: vai 39, eo 74, ngực 90, dài 106, mông 96</p> <p>Đơn vị đo (cm)</p> <p>Size Số +/- 1 cm</p> <p><strong>* HƯỚNG DẪN BẢO QUẢN VÀ SỬ DỤNG:</strong></p> <p>- Lần đầu chỉ xả nước lạnh rồi phơi khô để đảm bảo chất và màu của sản phẩm.</p> <p>- Nhớ lộn trái sản phẩm khi giặt và không giặt ngâm.</p> <p>- Không giặt máy trong 2 tuần đầu.</p> <p>- Không sử dụng thuốc tẩy.</p> <p>- Khi phơi lộn trái và không phơi trực tiếp dưới ánh nắng mặt trời.</p>', '284750', '0', 'c32'),
('N6px8BV4wtvig', 'Váy 2 Dây Xẻ Tà Vạt Trước', 'vay-2-day-xe-ta-vat-truoc', '<p><strong>* THÔNG TIN SẢN PHẨM:</strong></p> <p>- Tên sản phẩm:&nbsp;Váy 2 Dây Xẻ Tà Vạt Trước</p> <p>- Độ tuổi: &gt; 14&nbsp;tuổi</p> <p>- Phù hợp: Mặc&nbsp;đi chơi, đi tiệc.</p> <p>- Chất liệu: Vải phi</p> <p>- Màu sắc: Nhiều màu</p> <p>- Họa tiết: Trơn</p> <p>- Xuất xứ: Tự thiết kế và sản xuất bởi FM Style tại Việt Nam&nbsp;</p> <p>- Cam kết 100% chất lượng từ chất vải đến đường chỉ, phát hiện lỗi được hoàn trả miễn phí.</p> <p><strong>* HƯỚNG DẪN CHỌN SIZE CHO BẠN:</strong></p> <p>- Size S : 40kg - 47kg</p> <p>- Size M : 48kg - 53kg</p> <p>- Size L: 53kg - 57kg</p> <p>Size Số +/- 1 kg</p> <p><strong>* HƯỚNG DẪN BẢO QUẢN VÀ SỬ DỤNG:</strong></p> <p>- Lần đầu chỉ xả nước lạnh rồi phơi khô để đảm bảo chất và màu của sản phẩm.</p> <p>- Nhớ lộn trái sản phẩm khi giặt và không giặt ngâm.</p> <p>- Không giặt máy trong 2 tuần đầu.</p> <p>- Không sử dụng thuốc tẩy.</p> <p>- Khi phơi lộn trái và không phơi trực tiếp dưới ánh nắng mặt trời.</p>', '267750', '0', 'c32'),
('N6pXgeDsPwmlp', 'Quần Short Nữ Kiểu 1 Nút', 'quan-short-nu-kieu-1-nut', '<p><strong>* THÔNG TIN SẢN PHẨM</strong></p> <p>- Tên sản phẩm:&nbsp;Quần Short Kiểu Nữ 1 Nút</p> <p>- Phù hợp: Mặc đi chơi, ở nhà.</p> <p>- Độ tuổi: &gt; 12&nbsp;tuổi</p> <p>- Chất liệu: Vải kate</p> <p>- Bảng màu:&nbsp;Đen/ Be/ Trắng</p> <p>- Họa tiết: Trơn</p> <p>- Xuất xứ: Sản phẩm tự thiết kế và sản xuất bởi FM Style tại Việt Nam</p> <p>- Cam kết 100% chất lượng từ chất vải đến đường chỉ, phát hiện lỗi được hoàn trả miễn phí.</p> <p>&nbsp;</p> <p><strong>* HƯỚNG DẪN CHỌN SIZE CHO BẠN</strong></p> <p>- Size S: &lt;48kg</p> <p>- Size M: 49&nbsp;- 54kg</p> <p>- Size L: 54&nbsp;- 59kg</p> <p>Hướng dẫn chọn size ở trên chỉ mang tính chất tham khảo, tuỳ vào chiều cao và số đo cơ thể mà bạn có thể thay đổi&nbsp;để chọn đúng size sản phẩm phù hợp.</p> <p>&nbsp;</p> <p><strong>* HƯỚNG DẪN BẢO QUẢN VÀ SỬ DỤNG</strong></p> <p>- Lần đầu chỉ xả nước lạnh rồi phơi khô để đảm bảo chất và màu của sản phẩm.</p> <p>- Nhớ lộn trái sản phẩm khi giặt và không giặt ngâm.</p> <p>- Không giặt máy trong 2 tuần đầu.</p> <p>- Không sử dụng thuốc tẩy - Khi phơi lộn trái và không phơi trực tiếp dưới ánh nắng mặt trời.</p>', '157250', '0', 'c24'),
('N6pXNEdN12xAz', 'Váy Cổ Yếm Phối Dây', 'vay-co-yem-phoi-day', '<p><strong>* THÔNG TIN SẢN PHẨM:</strong></p> <p>- Tên sản phẩm:&nbsp;Váy Cổ Yếm Phối Dây</p> <p>- Độ tuổi: &gt; 14 tuổi</p> <p>- Phù hợp: Mặc đi học, đi làm, đi chơi, đi tiệc.</p> <p>- Chất liệu: Vải bố kim tuyến</p> <p>- Màu sắc: Đen/ Trắng/ Hồng/ Cam</p> <p>- Họa tiết: Trơn</p> <p>- Xuất xứ: Tự thiết kế và sản xuất bởi FM Style tại Việt Nam&nbsp;</p> <p>- Cam kết 100% chất lượng từ chất vải đến đường chỉ, phát hiện lỗi được hoàn trả miễn phí.</p> <p>&nbsp;</p> <p><strong>* HƯỚNG DẪN CHỌN SIZE CHO BẠN</strong></p> <p>- Size S:&nbsp;vai 34, eo 66, ngực 84, dài 88, mông 80</p> <p>- Size M: vai 35, eo 70, ngực 88, dài 92, mông 80</p> <p>- Size L: vai 36, eo 74, ngực 92, dài 81, mông 96</p> <p>Đơn vị đo: cm</p> <p>&nbsp;</p> <p><strong>* HƯỚNG DẪN BẢO QUẢN VÀ SỬ DỤNG</strong></p> <p>- Lần đầu chỉ xả nước lạnh rồi phơi khô để đảm bảo chất và màu của sản phẩm.</p> <p>- Nhớ lộn trái sản phẩm khi giặt và không giặt ngâm.</p> <p>- Không giặt máy trong 2 tuần đầu.</p> <p>- Không sử dụng thuốc tẩy.</p> <p>- Khi phơi lộn trái và không phơi trực tiếp dưới ánh nắng mặt trời.</p>', '220150', '0', 'c38'),
('N6pxwOkAdz5y6', 'Áo Sơ Mi Tay Dài 1 Túi Giả', 'ao-so-mi-tay-dai-1-tui-gia', '<p><strong>* THÔNG TIN SẢN PHẨM</strong></p> <p>- Tên sản phẩm:&nbsp;Áo Sơ Mi Nữ Tay Dài 1 Túi Giả</p> <p>- Phù hợp: Mặc đi học, đi làm, đi chơi.</p> <p>- Chất liệu: Vải kate đũi</p> <p>- Bảng màu: Xanh lá/ Xanh dương/ Vàng</p> <p>- Họa tiết: Trơn</p> <p>- Xuất xứ: Sản phẩm tự thiết kế và sản xuất bởi FM Style tại Việt Nam</p> <p>- Cam kết 100% chất lượng từ chất vải đến đường chỉ, phát hiện lỗi được hoàn trả miễn phí.</p> <p>&nbsp;</p> <p><strong>* HƯỚNG DẪN CHỌN SIZE CHO BẠN</strong></p> <p>- Free size &lt;60kg</p> <p>Hướng dẫn chọn size ở trên chỉ mang tính chất tham khảo tương đối, tuỳ vào chiều cao và số đo cơ thể mà bạn có thể thay đổi&nbsp;để chọn đúng size sản phẩm phù hợp.</p> <p>&nbsp;</p> <p><strong>* HƯỚNG DẪN BẢO QUẢN VÀ SỬ DỤNG</strong></p> <p>- Lần đầu chỉ xả nước lạnh rồi phơi khô để đảm bảo chất và màu của sản phẩm.</p> <p>- Nhớ lộn trái sản phẩm khi giặt và không giặt ngâm.</p> <p>- Không giặt máy trong 2 tuần đầu.</p> <p>- Không sử dụng thuốc tẩy - Khi phơi lộn trái và không phơi trực tiếp dưới ánh nắng mặt trời.</p>', '186150', '0', 'c14'),
('N6pXxyzneWrJA', 'Váy Voan Hoa Nổi Cổ Yếm Rớt Vai', 'vay-voan-hoa-noi-co-yem-rot-vai', '<p><strong>🌟 THÔNG TIN SẢN PHẨM:</strong></p> <p>- Tên sản phẩm:&nbsp;Váy Voan Hoa Nổi Cổ Yếm Rớt Vai</p> <p>- Độ tuổi: &gt; 16 tuổi</p> <p>- Phù hợp: Mặc&nbsp;đi chơi, đi tiệc.</p> <p>- Chất liệu: Vải voan</p> <p>- Màu sắc: Nhiều màu</p> <p>- Họa tiết: Trơn</p> <p>- Xuất xứ: Tự thiết kế và sản xuất bởi FM Style tại Việt Nam&nbsp;</p> <p>- Cam kết 100% chất lượng từ chất vải đến đường chỉ, phát hiện lỗi được hoàn trả miễn phí.</p> <p><strong>⛔️ HƯỚNG DẪN CHỌN SIZE CHO BẠN:</strong></p> <p>- Size S : 40kg - 47kg</p> <p>- Size M : 48kg - 53kg</p> <p>- Size L: 53kg - 57kg</p> <p><strong>✅ HƯỚNG DẪN BẢO QUẢN VÀ SỬ DỤNG:</strong></p> <p>- Lần đầu chỉ xả nước lạnh rồi phơi khô để đảm bảo chất và màu của sản phẩm.</p> <p>- Nhớ lộn trái sản phẩm khi giặt và không giặt ngâm.</p> <p>- Không giặt máy trong 2 tuần đầu.</p> <p>- Không sử dụng thuốc tẩy.</p> <p>- Khi phơi lộn trái và không phơi trực tiếp dưới ánh nắng mặt trời.</p>', '276250', '0', 'c39'),
('N6pXZVYGL5lXU', 'Áo Cadigan Cô Tròn SN Trơn', 'ao-cadigan-co-tron-sn-tron', '<p><strong>* THÔNG TIN SẢN PHẨM:</strong></p> <p>- Tên sản phẩm:&nbsp;Áo Cadigan Sát Nách Trơn</p> <p>- Độ tuổi: &gt; 13&nbsp;tuổi</p> <p>- Phù hợp: Mặc đi chơi</p> <p>- Chất liệu: Vải cadigan</p> <p>- Màu sắc: Trắng/ Đen/ Be/ Xanh lá</p> <p>- Họa tiết: Trơn</p> <p>- Xuất xứ: Tự thiết kế và sản xuất bởi FM Style tại Việt Nam&nbsp;</p> <p>- Cam kết 100% chất lượng từ chất vải đến đường chỉ, phát hiện lỗi được hoàn trả miễn phí.</p> <p>&nbsp;</p> <p><strong>* HƯỚNG DẪN CHỌN SIZE CHO BẠN</strong></p> <p>- Freesize: cân nặng &lt;58kg, chiều cao &lt;160cm</p> <p>Hướng dẫn chọn size ở trên chỉ mang tính chất tham khảo tương đối, tuỳ vào chiều cao và số đo cơ thể mà bạn có thể thay đổi&nbsp;để chọn đúng size sản phẩm phù hợp.</p> <p>&nbsp;</p> <p><strong>* HƯỚNG DẪN BẢO QUẢN VÀ SỬ DỤNG</strong></p> <p>- Lần đầu chỉ xả nước lạnh rồi phơi khô để đảm bảo chất và màu của sản phẩm.</p> <p>- Nhớ lộn trái sản phẩm khi giặt và không giặt ngâm.</p> <p>- Không giặt máy trong 2 tuần đầu.</p> <p>- Không sử dụng thuốc tẩy.</p> <p>- Khi phơi lộn trái và không phơi trực tiếp dưới ánh nắng mặt trời.</p>', '92650', '0', 'c12'),
('N6pYmuGsR2BjK', 'Áo Thun Nữ Dây Chéo Ngực', 'ao-thun-nu-day-cheo-nguc', '<p><strong>* THÔNG TIN SẢN PHẨM</strong></p> <p>- Tên sản phẩm:&nbsp;Áo Thun Nữ Dây Chéo Ngực</p> <p>- Phù hợp: Mặc đi học, đi làm, đi chơi.</p> <p>- Chất liệu: Vải thun</p> <p>- Bảng màu:&nbsp;Đen/ Xanh ngọc/ Trắng/ Be/ Xám</p> <p>- Họa tiết: Trơn</p> <p>- Xuất xứ: Sản phẩm tự thiết kế và sản xuất bởi FM Style tại Việt Nam</p> <p>- Cam kết 100% chất lượng từ chất vải đến đường chỉ, phát hiện lỗi được hoàn trả miễn phí.a</p> <p>&nbsp;</p> <p><strong>* HƯỚNG DẪN CHỌN SIZE CHO BẠN</strong></p> <p>- Free size &lt;58kg, chiều cao &lt;160cm</p> <p>Hướng dẫn chọn size ở trên chỉ mang tính chất tham khảo tương đối, tuỳ vào chiều cao và số đo cơ thể mà bạn có thể thay đổi&nbsp;để chọn đúng size sản phẩm phù hợp.</p> <p>&nbsp;</p> <p><strong>* HƯỚNG DẪN BẢO QUẢN VÀ SỬ DỤNG</strong></p> <p>- Lần đầu chỉ xả nước lạnh rồi phơi khô để đảm bảo chất và màu của sản phẩm.</p> <p>- Nhớ lộn trái sản phẩm khi giặt và không giặt ngâm.</p> <p>- Không giặt máy trong 2 tuần đầu.</p> <p>- Không sử dụng thuốc tẩy - Khi phơi lộn trái và không phơi trực tiếp dưới ánh nắng mặt trời.</p>', '101150', '0', 'c15'),
('N6pYSMaJKgHvK', 'Áo Polo Nữ Trơn Basic', 'ao-polo-nu-tron-basic', '<p><strong>* THÔNG TIN SẢN PHẨM</strong></p> <p>- Tên sản phẩm:&nbsp;Áo Polo Nữ Trơn Basic</p> <p>- Phù hợp: Mặc đi học, đi làm, đi chơi.</p> <p>- Chất liệu: Vải thun cotton</p> <p>- Bảng màu: Trắng/ Đen/ Hồng</p> <p>- Họa tiết: Trơn</p> <p>- Xuất xứ: Sản phẩm tự thiết kế và sản xuất bởi FM Style tại Việt Nam</p> <p>- Cam kết 100% chất lượng từ chất vải đến đường chỉ, phát hiện lỗi được hoàn trả miễn phí.</p> <p>&nbsp;</p> <p><strong>* HƯỚNG DẪN CHỌN SIZE CHO BẠN</strong></p> <p>- Size S: vai 36,5, eo 78, ngực 91, dài 57</p> <p>- Size M: vai 38, eo 82, ngực 95,&nbsp;dài 57</p> <p>Đơn vị đo: cm</p> <p>Hướng dẫn chọn size ở trên chỉ mang tính chất tham khảo tương đối, tuỳ vào chiều cao và số đo cơ thể mà bạn có thể thay đổi&nbsp;để chọn đúng size sản phẩm phù hợp.</p> <p>&nbsp;</p> <p><strong>* HƯỚNG DẪN BẢO QUẢN VÀ SỬ DỤNG</strong></p> <p>- Lần đầu chỉ xả nước lạnh rồi phơi khô để đảm bảo chất và màu của sản phẩm.</p> <p>- Nhớ lộn trái sản phẩm khi giặt và không giặt ngâm.</p> <p>- Không giặt máy trong 2 tuần đầu.</p> <p>- Không sử dụng thuốc tẩy - Khi phơi lộn trái và không phơi trực tiếp dưới ánh nắng mặt trời.</p>', '165750', '0', 'c13'),
('N6pysUjkbm3Ng', 'Chân Váy Tennis Trơn Màu', 'chan-vay-tennis-tron-mau', '<p><strong>* THÔNG TIN SẢN PHẨM:</strong></p> <p>- Tên sản phẩm:&nbsp;Chân Váy Tennis Trơn Màu</p> <p>- Độ tuổi: &gt; 13&nbsp;tuổi</p> <p>- Phù hợp: Mặc đi làm, đi chơi, đi học, đi tiệc.</p> <p>- Chất liệu: Vải tuyết mưa</p> <p>- Màu sắc: Đen/ Trắng/ Nâu/ Be</p> <p>- Họa tiết: Xếp ly</p> <p>- Xuất xứ: Tự thiết kế và sản xuất bởi FM Style tại Việt Nam&nbsp;</p> <p>- Cam kết 100% chất lượng từ chất vải đến đường chỉ, phát hiện lỗi được hoàn trả miễn phí.</p> <p>&nbsp;</p> <p><strong>* HƯỚNG DẪN CHỌN SIZE CHO BẠN</strong></p> <p>- Size S:&nbsp;lưng 64, mông 92, dài 42</p> <p>- Size M:&nbsp;lưng 68, mông 94, dài 42</p> <p>- Size L:&nbsp;lưng 70, mông 96, dài 43</p> <p>Hướng dẫn chọn size ở trên chỉ mang tính chất tham khảo tương đối, tuỳ vào chiều cao và số đo cơ thể mà bạn có thể thay đổi&nbsp;để chọn đúng size sản phẩm phù hợp.</p> <p>&nbsp;</p> <p><strong>* HƯỚNG DẪN BẢO QUẢN VÀ SỬ DỤNG</strong></p> <p>- Lần đầu chỉ xả nước lạnh rồi phơi khô để đảm bảo chất và màu của sản phẩm.</p> <p>- Nhớ lộn trái sản phẩm khi giặt và không giặt ngâm.</p> <p>- Không giặt máy trong 2 tuần đầu.</p> <p>- Không sử dụng thuốc tẩy.</p> <p>- Khi phơi lộn trái và không phơi trực tiếp dưới ánh nắng mặt trời.</p>', '143650', '0', 'c30'),
('N6pYtnOl4X5B0', 'Váy Thiết Kế Cổ Yếm Dáng Dài', 'vay-thiet-ke-co-yem-dang-dai', '<p><strong>* THÔNG TIN SẢN PHẨM</strong></p> <p>- Tên sản phẩm:&nbsp;Váy Thiết Kế Cổ Yếm Dáng Dài</p> <p>- Độ tuổi: &gt; 13&nbsp;tuổi</p> <p>- Phù hợp: Mặc đi chơi, đi du lịch, đi biển</p> <p>- Chất liệu: Vải umi</p> <p>- Màu sắc: Trắng/ Đen/ Be</p> <p>- Họa tiết: Trơn</p> <p>- Xuất xứ: Tự thiết kế và sản xuất tại Việt Nam</p> <p>- Cam kết 100% chất lượng từ chất vải đến đường chỉ, phát hiện lỗi được hoàn trả miễn phí.</p> <p>&nbsp;</p> <p><strong>* HƯỚNG DẪN CHỌN SIZE CHO BẠN</strong></p> <p>- Size S : 40kg - 47kg<br> - Size M : 48kg - 53kg<br> - Size L: 53kg - 57kg<br> <br> Size Số +/- 1 kg</p> <p>&nbsp;</p> <p><strong>* HƯỚNG DẪN BẢO QUẢN VÀ SỬ DỤNG</strong></p> <p>- Lần đầu đem về chỉ xả nước lạnh rồi phơi khô để đảm bảo chất và màu của sản phẩm nhé</p> <p>- Nhớ lộn trái sản phẩm khi giặt và không giặt ngâm</p> <p>- Không giặt máy trong 2 tuần đầu</p> <p>- Không sử dụng thuốc tẩy</p> <p>- Khi phơi lộn trái và không phơi trực tiếp dưới ánh nắng mặt trời</p>', '250750', '0', 'c35'),
('N6pytqLVSOOKL', 'váy 2 Dây Bản To Dáng Dài', 'vay-2-day-ban-to-dang-dai', '<p><strong>* THÔNG TIN SẢN PHẨM:</strong></p> <p>- Tên sản phẩm:&nbsp;Váy 2 Dây Bản To Dáng Dài</p> <p>- Độ tuổi: &gt; 14 tuổi</p> <p>- Phù hợp: Mặc&nbsp;đi chơi, đi tiệc.</p> <p>- Chất liệu: Thô</p> <p>- Màu sắc: Trắng/ Đen/ Kem/ Be</p> <p>- Họa tiết: Trơn</p> <p>- Xuất xứ: Tự thiết kế và sản xuất bởi FM Style tại Việt Nam&nbsp;</p> <p>- Cam kết 100% chất lượng từ chất vải đến đường chỉ, phát hiện lỗi được hoàn trả miễn phí.</p> <p>&nbsp;</p> <p><strong>* HƯỚNG DẪN CHỌN SIZE CHO BẠN</strong></p> <p>- Size S:&nbsp;vai 34, eo 66, ngực 84, dài 100, mông 80</p> <p>- Size M: vai 35, eo 70, ngực 88, dài 100, mông 80</p> <p>- Size L: vai 36, eo 74, ngực 92, dài 102, mông 96</p> <p>Đơn vị đo: cm</p> <p>&nbsp;</p> <p><strong>* HƯỚNG DẪN BẢO QUẢN VÀ SỬ DỤNG</strong></p> <p>- Lần đầu chỉ xả nước lạnh rồi phơi khô để đảm bảo chất và màu của sản phẩm.</p> <p>- Nhớ lộn trái sản phẩm khi giặt và không giặt ngâm.</p> <p>- Không giặt máy trong 2 tuần đầu.</p> <p>- Không sử dụng thuốc tẩy.</p> <p>- Khi phơi lộn trái và không phơi trực tiếp dưới ánh nắng mặt trời.</p>', '237150', '0', 'c32'),
('N6pZN2uM8x0YZ', 'Váy Dáng Dài Cổ Vuông Tay Bồng', 'vay-dang-dai-co-vuong-tay-bong', '<p><strong>* THÔNG TIN SẢN PHẨM:</strong></p> <p>- Tên sản phẩm:&nbsp;Váy Dáng Dài Cổ Vuông Tay Bồng</p> <p>- Độ tuổi: &gt; 14 tuổi</p> <p>- Phù hợp: Mặc đi học, đi làm, đi chơi, đi tiệc.</p> <p>- Chất liệu: Vải tuyết mưa</p> <p>- Màu sắc: Đen/ Be/ Hồng/&nbsp;Trắng</p> <p>- Họa tiết: Trơn</p> <p>- Xuất xứ: Tự thiết kế và sản xuất bởi FM Style tại Việt Nam&nbsp;</p> <p>- Cam kết 100% chất lượng từ chất vải đến đường chỉ, phát hiện lỗi được hoàn trả miễn phí.</p> <p>&nbsp;</p> <p><strong>* HƯỚNG DẪN CHỌN SIZE CHO BẠN</strong></p> <p>- Size S: Eo 66, ngực 82, chiều dài 108, mông 98</p> <p>- Size M: Eo 70, ngực 86, chiều dài 110, mông 100</p> <p>Đơn vị đo: cm</p> <p>&nbsp;</p> <p><strong>* HƯỚNG DẪN BẢO QUẢN VÀ SỬ DỤNG</strong></p> <p>- Lần đầu chỉ xả nước lạnh rồi phơi khô để đảm bảo chất và màu của sản phẩm.</p> <p>- Nhớ lộn trái sản phẩm khi giặt và không giặt ngâm.</p> <p>- Không giặt máy trong 2 tuần đầu.</p> <p>- Không sử dụng thuốc tẩy.</p> <p>- Khi phơi lộn trái và không phơi trực tiếp dưới ánh nắng mặt trời.</p>', '296650', '0', 'c35'),
('N6pZnMfbDKeVx', 'Quần Short Đùi Gấp Lai 2 Túi', 'quan-short-djui-gap-lai-2-tui', '<p><strong>* THÔNG TIN SẢN PHẨM</strong></p> <p>- Tên sản phẩm:&nbsp;Quần Short Đùi Gấp Lai 2 Túi</p> <p>- Phù hợp: Mặc đi chơi, ở nhà.</p> <p>- Độ tuổi: &gt; 12&nbsp;tuổi</p> <p>- Chất liệu: Vải tuyết mưa</p> <p>- Bảng màu:&nbsp;Đen/ Trắng/ Nâu nhạt/ Nâu đậm</p> <p>- Họa tiết: Trơn</p> <p>- Xuất xứ: Sản phẩm tự thiết kế và sản xuất bởi FM Style tại Việt Nam</p> <p>- Cam kết 100% chất lượng từ chất vải đến đường chỉ, phát hiện lỗi được hoàn trả miễn phí.</p> <p>&nbsp;</p> <p><strong>* HƯỚNG DẪN CHỌN SIZE CHO BẠN</strong></p> <p>- Size S: eo 64, dài 42, mông 88</p> <p>- Size M:&nbsp;eo 68, dài 42, mông 92</p> <p>- Size L: eo 70, dài 44, mông 96</p> <p>Hướng dẫn chọn size ở trên chỉ mang tính chất tham khảo, tuỳ vào chiều cao và số đo cơ thể mà bạn có thể thay đổi&nbsp;để chọn đúng size sản phẩm phù hợp.</p> <p>&nbsp;</p> <p><strong>* HƯỚNG DẪN BẢO QUẢN VÀ SỬ DỤNG</strong></p> <p>- Lần đầu chỉ xả nước lạnh rồi phơi khô để đảm bảo chất và màu của sản phẩm.</p> <p>- Nhớ lộn trái sản phẩm khi giặt và không giặt ngâm.</p> <p>- Không giặt máy trong 2 tuần đầu.</p> <p>- Không sử dụng thuốc tẩy - Khi phơi lộn trái và không phơi trực tiếp dưới ánh nắng mặt trời.</p>', '160650', '0', 'c24'),
('N6pZxUNfXGBzF', 'Chân Váy Chữ A 2 Lớp', 'chan-vay-chu-a-2-lop', '<p><strong>* THÔNG TIN SẢN PHẨM:</strong></p> <p>- Tên sản phẩm:&nbsp;Chân Váy Chữ A 2 Lớp</p> <p>- Độ tuổi: &gt; 13&nbsp;tuổi</p> <p>- Phù hợp: Mặc đi làm, đi chơi, đi học</p> <p>- Chất liệu: Vải tafta</p> <p>- Màu sắc: Trắng/ Đen/ Nâu</p> <p>- Họa tiết: Trơn</p> <p>- Xuất xứ: Tự thiết kế và sản xuất bởi FM Style tại Việt Nam&nbsp;</p> <p>- Cam kết 100% chất lượng từ chất vải đến đường chỉ, phát hiện lỗi được hoàn trả miễn phí.</p> <p>&nbsp;</p> <p><strong>* HƯỚNG DẪN CHỌN SIZE CHO BẠN</strong></p> <p>- Size S:&nbsp;lưng 64, mông 92, dài 42</p> <p>- Size M:&nbsp;lưng 68, mông 94, dài 42</p> <p>- Size L:&nbsp;lưng 70, mông 96, dài 43</p> <p>Hướng dẫn chọn size ở trên chỉ mang tính chất tham khảo tương đối, tuỳ vào chiều cao và số đo cơ thể mà bạn có thể thay đổi&nbsp;để chọn đúng size sản phẩm phù hợp.</p> <p>&nbsp;</p> <p><strong>* HƯỚNG DẪN BẢO QUẢN VÀ SỬ DỤNG</strong></p> <p>- Lần đầu chỉ xả nước lạnh rồi phơi khô để đảm bảo chất và màu của sản phẩm.</p> <p>- Nhớ lộn trái sản phẩm khi giặt và không giặt ngâm.</p> <p>- Không giặt máy trong 2 tuần đầu.</p> <p>- Không sử dụng thuốc tẩy.</p> <p>- Khi phơi lộn trái và không phơi trực tiếp dưới ánh nắng mặt trời.</p>', '169150', '0', 'c29'),
('N6pzYeKD1Nfu2', 'Chân Váy Ngắn Dáng Chữ A', 'chan-vay-ngan-dang-chu-a', '<p><strong>* THÔNG TIN SẢN PHẨM:</strong></p> <p>- Tên sản phẩm:&nbsp;Chân Váy Ngắn Dáng Chữ A</p> <p>- Độ tuổi: &gt; 16 tuổi</p> <p>- Phù hợp: Mặc đi làm, đi học,&nbsp;đi chơi.</p> <p>- Chất liệu: Vải bố</p> <p>- Màu sắc: Vàng/ Đen/ Xám</p> <p>- Họa tiết: Trơn</p> <p>- Xuất xứ: Tự thiết kế và sản xuất bởi FM Style tại Việt Nam&nbsp;</p> <p>- Cam kết 100% chất lượng từ chất vải đến đường chỉ, phát hiện lỗi được hoàn trả miễn phí.</p> <p>&nbsp;</p> <p><strong>* HƯỚNG DẪN CHỌN SIZE CHO BẠN:</strong></p> <p>- Size S: eo 64, mông 92, dài 38</p> <p>- Size M:&nbsp;eo 68, mông 96, dài 38</p> <p>- Size L: eo 72, mông 98, dài 39</p> <p>&nbsp;</p> <p><strong>* HƯỚNG DẪN BẢO QUẢN VÀ SỬ DỤNG:</strong></p> <p>- Lần đầu chỉ xả nước lạnh rồi phơi khô để đảm bảo chất và màu của sản phẩm.</p> <p>- Nhớ lộn trái sản phẩm khi giặt và không giặt ngâm.</p> <p>- Không giặt máy trong 2 tuần đầu.</p> <p>- Không sử dụng thuốc tẩy.</p> <p>- Khi phơi lộn trái và không phơi trực tiếp dưới ánh nắng mặt trời.</p>', '126650', '0', 'c29'),
('N6pZzheK8DY09', 'Set Áo Croptop Sát Nách Kèm Chân Váy Dài', 'set-ao-croptop-sat-nach-kem-chan-vay-dai', '<p><strong>* THÔNG TIN SẢN PHẨM:</strong></p> <p>- Tên sản phẩm:&nbsp;Sét Áo Kiểu Croptop Kèm Chân Váy</p> <p>- Độ tuổi: &gt; 14 tuổi</p> <p>- Phù hợp: Mặc đi học, đi làm, đi chơi, đi tiệc.</p> <p>- Chất liệu: Vải kate</p> <p>- Màu sắc: Đen/ Xanh/ Trắng/ Gạch/ Vàng</p> <p>- Họa tiết: Trơn</p> <p>- Xuất xứ: Tự thiết kế và sản xuất bởi FM Style tại Việt Nam&nbsp;</p> <p>- Cam kết 100% chất lượng từ chất vải đến đường chỉ, phát hiện lỗi được hoàn trả miễn phí.</p> <p>&nbsp;</p> <p><strong>* HƯỚNG DẪN CHỌN SIZE CHO BẠN</strong></p> <p>Thông số áo:</p> <p>- Size S: Vai 37, ngực 98, chiều&nbsp;dài 42</p> <p>- Size M: Vai 39, ngực 102, chiều dài&nbsp;42</p> <p>- Size L: Vai 41, ngực 104, chiều dài 43</p> <p>Thông số quần:</p> <p>- Size S: Eo 64, mông 92, chiều&nbsp;dài 37</p> <p>- Size M: Eo 66, mông 94, chiều dài&nbsp;37</p> <p>- Size L: Eo 68, mông 96, chiều dài 38</p> <p>Hướng dẫn chọn size ở trên chỉ mang tính chất tham khảo tương đối, tuỳ vào chiều cao và số đo cơ thể mà bạn có thể thay đổi&nbsp;để chọn đúng size sản phẩm phù hợp.</p> <p>&nbsp;</p> <p><strong>* HƯỚNG DẪN BẢO QUẢN VÀ SỬ DỤNG</strong></p> <p>- Lần đầu chỉ xả nước lạnh rồi phơi khô để đảm bảo chất và màu của sản phẩm.</p> <p>- Nhớ lộn trái sản phẩm khi giặt và không giặt ngâm.</p> <p>- Không giặt máy trong 2 tuần đầu.</p> <p>- Không sử dụng thuốc tẩy.</p> <p>- Khi phơi lộn trái và không phơi trực tiếp dưới ánh nắng mặt trời.</p>', '293250', '0', 'c27');

insert into item(itemId,pId,url,thumbUrl,colorName,colorCode)
values 
('N6i06psSymNrD', 'N6pWygoyNLBvF', 'https://res.cloudinary.com/dup598xiv/image/upload/v1681657603/clothesShop/product/okkmy37xhma8gwgmbsqd.jpg', 'https://res.cloudinary.com/dup598xiv/image/upload/v1681657602/clothesShop/product/ytuhojw6816rq8ku3sip.jpg', 'Đỏ ', '#dc143c'),
('N6i0FLEtfHRNt', 'N6pMH1BzTLDsQ', 'https://res.cloudinary.com/dup598xiv/image/upload/v1681658518/clothesShop/product/aezv65x5t5b3y54uaxxh.jpg', 'https://res.cloudinary.com/dup598xiv/image/upload/v1681658514/clothesShop/product/wnkzrzefvnjgxobpptvr.jpg', 'Be', '#cdaf95'),
('N6i0POkGmAB8p', 'N6pfgoPPIsZD8', 'https://res.cloudinary.com/dup598xiv/image/upload/v1681632465/clothesShop/product/wwo9jvnquml9hsto27so.jpg', 'https://res.cloudinary.com/dup598xiv/image/upload/v1681632464/clothesShop/product/e2giidbqnzrez61uqena.jpg', 'Đen', '#000000'),
('N6i0VdCBixvSd', 'N6p3skrWzDYxv', 'https://res.cloudinary.com/dup598xiv/image/upload/v1681633984/clothesShop/product/q8vknp5jv0klcgglnifr.jpg', 'https://res.cloudinary.com/dup598xiv/image/upload/v1681633984/clothesShop/product/edoebsjeachteoxein9n.jpg', 'Be', '#cdc9c9'),
('N6i18DmDEovbD', 'N6pZnMfbDKeVx', 'https://res.cloudinary.com/dup598xiv/image/upload/v1681647663/clothesShop/product/ou7dquw7yd4q5hdadq5w.jpg', 'https://res.cloudinary.com/dup598xiv/image/upload/v1681647662/clothesShop/product/b58sa9ldptmlcwdajw0p.jpg', 'Đen', '#000000'),
('N6i1FYJTDN5SR', 'N6p9ULceXFr0J', 'https://res.cloudinary.com/dup598xiv/image/upload/v1681657979/clothesShop/product/ksteqmglqxiqua1yotsz.jpg', 'https://res.cloudinary.com/dup598xiv/image/upload/v1681657975/clothesShop/product/uymwdqirwmhut3ie9lmb.jpg', 'Vàng', '#ffd700'),
('N6i1T7HWjwMh4', 'N6phjNHt6vN22', 'https://res.cloudinary.com/dup598xiv/image/upload/v1681647505/clothesShop/product/ztnfmfepotgquriks4gl.jpg', 'https://res.cloudinary.com/dup598xiv/image/upload/v1681647504/clothesShop/product/iiummpnzybfi6l6obu5g.jpg', 'Cam', '#ff7f00'),
('N6i2aL0HrDYU3', 'N6pKynvRYTeXt', 'https://res.cloudinary.com/dup598xiv/image/upload/v1681658286/clothesShop/product/qfkuudgahoauwtxloq7v.jpg', 'https://res.cloudinary.com/dup598xiv/image/upload/v1681658283/clothesShop/product/bu3hpqj7s3ecsr3fvvs1.jpg', 'Xanh Dương', '#00008b'),
('N6i2h3x0gIUJ6', 'N6pJmNAOu6WrE', 'https://res.cloudinary.com/dup598xiv/image/upload/v1681645587/clothesShop/product/yd11pi7vjayuy4lqncfc.jpg', 'https://res.cloudinary.com/dup598xiv/image/upload/v1681645587/clothesShop/product/y4svn4ihcgcmixsahgvo.jpg', 'Hồng', '#ffc0cb'),
('N6i2MuSyJ8kM3', 'N6pj0z3UmjHHt', 'https://res.cloudinary.com/dup598xiv/image/upload/v1681632837/clothesShop/product/l3yuqechetvhugl808nh.jpg', 'https://res.cloudinary.com/dup598xiv/image/upload/v1681632836/clothesShop/product/rltr68emj7hchywlc8vx.jpg', 'Trắng', '#ffffff'),
('N6i2VbEI7v6w8', 'N6pXZVYGL5lXU', 'https://res.cloudinary.com/dup598xiv/image/upload/v1681632127/clothesShop/product/oorz7ieldgccxkyffeaf.jpg', 'https://res.cloudinary.com/dup598xiv/image/upload/v1681632126/clothesShop/product/mvboel2h1osdfyz6zuo5.jpg', 'Đen', '#000000'),
('N6i31bP1IxUkb', 'N6pMpmkeTHMlP', 'https://res.cloudinary.com/dup598xiv/image/upload/v1681654541/clothesShop/product/xn2nm1u2ab9l7grb8mvp.jpg', 'https://res.cloudinary.com/dup598xiv/image/upload/v1681654540/clothesShop/product/k4li5js53p9zmvaqraqf.jpg', 'Trắng', '#ffffff'),
('N6i4dBRRuEe02', 'N6pAg7BLgAKvY', 'https://res.cloudinary.com/dup598xiv/image/upload/v1681653802/clothesShop/product/aimh8ug8qyqjx3aew5jm.jpg', 'https://res.cloudinary.com/dup598xiv/image/upload/v1681653800/clothesShop/product/j2750ccbxkijbi1bp5kl.jpg', 'Đen', '#000000'),
('N6i4jvvKIIuJ5', 'N6pFNXNTN6AnT', 'https://res.cloudinary.com/dup598xiv/image/upload/v1681654653/clothesShop/product/pdvesy7zpjctd5yz1cym.jpg', 'https://res.cloudinary.com/dup598xiv/image/upload/v1681654652/clothesShop/product/ynqsckggbbpphrspnqbl.jpg', 'Đen', '#000000'),
('N6i4JxIrnpTjN', 'N6p09GB8LCweE', 'https://res.cloudinary.com/dup598xiv/image/upload/v1681657274/clothesShop/product/yhaprgiqlpaz7vljgy59.jpg', 'https://res.cloudinary.com/dup598xiv/image/upload/v1681657264/clothesShop/product/h9iddwz0zljgjq4l0uix.jpg', 'Nâu', '#f4a460'),
('N6i4lD8DEoA9Y', 'N6pRjqdrqWUK2', 'https://res.cloudinary.com/dup598xiv/image/upload/v1681630027/clothesShop/product/tubbq39dphkhlww3zdto.jpg', 'https://res.cloudinary.com/dup598xiv/image/upload/v1681630025/clothesShop/product/oo1vdknhwzpms8or4mzq.jpg', 'Đen', '#000000'),
('N6i5hk4QUALg9', 'N6p3QrpMgzqKd', 'https://res.cloudinary.com/dup598xiv/image/upload/v1681646278/clothesShop/product/zcfzfelqlrx065fw2gxn.jpg', 'https://res.cloudinary.com/dup598xiv/image/upload/v1681646277/clothesShop/product/pzip44kzlzgedvm7xwwx.jpg', 'Hồng', '#ffc0cb'),
('N6i5I1HdKZG3k', 'N6pJmNAOu6WrE', 'https://res.cloudinary.com/dup598xiv/image/upload/v1681645638/clothesShop/product/sf3rjxch20gvny1pnqps.jpg', 'https://res.cloudinary.com/dup598xiv/image/upload/v1681645636/clothesShop/product/gctkjk8hnzlqfmqaitoy.jpg', 'Xám', '#f5f5f5'),
('N6i6cX6FFqdDJ', 'N6pfgoPPIsZD8', 'https://res.cloudinary.com/dup598xiv/image/upload/v1681632512/clothesShop/product/zlq4if6olimipbl1heea.jpg', 'https://res.cloudinary.com/dup598xiv/image/upload/v1681632511/clothesShop/product/z7p8n8fnh8hm5ekufrsa.jpg', 'Trắng', '#ffffff'),
('N6i6dLt7xnc2T', 'N6ppFqPEvyFtP', 'https://res.cloudinary.com/dup598xiv/image/upload/v1681637777/clothesShop/product/c3kwddq4diuzrz0c8kjb.jpg', 'https://res.cloudinary.com/dup598xiv/image/upload/v1681637776/clothesShop/product/ekaxjgazjxpafah1ect4.jpg', 'Đen', '#000000'),
('N6i6IJH29ANpy', 'N6p4lsHe4EG6d', 'https://res.cloudinary.com/dup598xiv/image/upload/v1681631318/clothesShop/product/sabgbbzxjekhkmg3bxhz.jpg', 'https://res.cloudinary.com/dup598xiv/image/upload/v1681631316/clothesShop/product/sszrggpdq2c1qw9svggb.jpg', 'Trắng', '#ffffff'),
('N6i6NiFGsQzwo', 'N6pYSMaJKgHvK', 'https://res.cloudinary.com/dup598xiv/image/upload/v1681634211/clothesShop/product/bp4hvotfxavnfpmenhjs.jpg', 'https://res.cloudinary.com/dup598xiv/image/upload/v1681634210/clothesShop/product/vovjx51mofkjoc9h0m0b.jpg', 'Hồng', '#ffc0cb'),
('N6i6t83FFH3eJ', 'N6px8BV4wtvig', 'https://res.cloudinary.com/dup598xiv/image/upload/v1681644196/clothesShop/product/b1x4wtusldeaoddb3jeq.jpg', 'https://res.cloudinary.com/dup598xiv/image/upload/v1681644195/clothesShop/product/xbujofdfrbyok4lkvtml.jpg', 'Đen', '#000000'),
('N6i6xYT1DaJkW', 'N6pXxyzneWrJA', 'https://res.cloudinary.com/dup598xiv/image/upload/v1681646084/clothesShop/product/wcwsbb1lbfsudvq6uhrz.jpg', 'https://res.cloudinary.com/dup598xiv/image/upload/v1681646082/clothesShop/product/trxnlbmicion0qcpvgz0.jpg', 'Đen', '#000000'),
('N6i7856FhkqvF', 'N6p3iVnvJPstw', 'https://res.cloudinary.com/dup598xiv/image/upload/v1681635180/clothesShop/product/udu0zwrlfa5tfq6mnhgw.jpg', 'https://res.cloudinary.com/dup598xiv/image/upload/v1681635179/clothesShop/product/kpezponoeza1wzcevcuv.jpg', 'Xanh Rêu', '#7a8b8b'),
('N6i7pwFIrqBeh', 'N6pm0Vai2NxYr', 'https://res.cloudinary.com/dup598xiv/image/upload/v1681658652/clothesShop/product/muruitiyrfzashsgvt2b.jpg', 'https://res.cloudinary.com/dup598xiv/image/upload/v1681658652/clothesShop/product/qurscw2bvte4e09g8xjh.jpg', 'Nâu', '#8b795e'),
('N6i86aQXGImR6', 'N6p9ULceXFr0J', 'https://res.cloudinary.com/dup598xiv/image/upload/v1681646672/clothesShop/product/ud4jg1d9cssdzo8kv9vb.jpg', 'https://res.cloudinary.com/dup598xiv/image/upload/v1681646671/clothesShop/product/qeh9lixkmfr2ltpt8aaf.jpg', 'Trắng', '#ffffff'),
('N6i8hvH4BV0pO', 'N6paGbgEY3sAJ', 'https://res.cloudinary.com/dup598xiv/image/upload/v1681643325/clothesShop/product/hs3rc8te0nzmzp8qzyxt.jpg', 'https://res.cloudinary.com/dup598xiv/image/upload/v1681643324/clothesShop/product/jlue5vpqan0kjmrdahgk.jpg', 'Đen', '#000000'),
('N6i8Xy0wb1BTl', 'N6pytqLVSOOKL', 'https://res.cloudinary.com/dup598xiv/image/upload/v1681643837/clothesShop/product/vpudvw43118y80zmzvp7.jpg', 'https://res.cloudinary.com/dup598xiv/image/upload/v1681643837/clothesShop/product/xqjn5dt7piqjxemsdbmy.jpg', 'Trắng', '#ffffff'),
('N6i8Y2qEgRHOC', 'N6pBP06rPDDIF', 'https://res.cloudinary.com/dup598xiv/image/upload/v1681647010/clothesShop/product/lxx1wgghd9juyq7wdchw.jpg', 'https://res.cloudinary.com/dup598xiv/image/upload/v1681647008/clothesShop/product/vajippdgkvvbhol5ppme.jpg', 'Be', '#ffe4c4'),
('N6i9WSLAkb7xp', 'N6pdhGNYSwxSK', 'https://res.cloudinary.com/dup598xiv/image/upload/v1681633814/clothesShop/product/cmmpejbi6aacedn7rlhn.jpg', 'https://res.cloudinary.com/dup598xiv/image/upload/v1681633813/clothesShop/product/bmh8znjxe2kbeyu9xjtq.jpg', 'Nâu', '#fff8dc'),
('N6iabTn7bz0QH', 'N6p3wA2mQwwQ9', 'https://res.cloudinary.com/dup598xiv/image/upload/v1681637066/clothesShop/product/ejwf32jboppmatqnkyki.jpg', 'https://res.cloudinary.com/dup598xiv/image/upload/v1681637065/clothesShop/product/r9wob6x37ybo4nrll9n1.jpg', 'Đen', '#000000'),
('N6iAOcuSHJfd4', 'N6pRjqdrqWUK2', 'https://res.cloudinary.com/dup598xiv/image/upload/v1681629989/clothesShop/product/igq78illcoyufaceeh8x.jpg', 'https://res.cloudinary.com/dup598xiv/image/upload/v1681629987/clothesShop/product/vxyg9ftmcs60facsi6zk.jpg', 'Trắng', '#ffffff'),
('N6iaQZ7S93zNA', 'N6pgzv9hxU2Vf', 'https://res.cloudinary.com/dup598xiv/image/upload/v1681637645/clothesShop/product/mjz9tpsffqhcupcbwbbd.jpg', 'https://res.cloudinary.com/dup598xiv/image/upload/v1681637644/clothesShop/product/pbha6z8kz2tyvcht9anq.jpg', 'Trắng', '#ffffff'),
('N6iAsOA011Key', 'N6pAg7BLgAKvY', 'https://res.cloudinary.com/dup598xiv/image/upload/v1681653833/clothesShop/product/apys7urjgvva4n3afjjy.jpg', 'https://res.cloudinary.com/dup598xiv/image/upload/v1681653828/clothesShop/product/ifep5v82kcm1yc7bhgcs.jpg', 'Trắng', '#ffffff'),
('N6iaxCNNzBV54', 'N6pxwOkAdz5y6', 'https://res.cloudinary.com/dup598xiv/image/upload/v1681636225/clothesShop/product/vttx3ganbt7971m2mbtm.jpg', 'https://res.cloudinary.com/dup598xiv/image/upload/v1681636223/clothesShop/product/w5mk938z6v6mabbrgkqb.jpg', 'Xanh Dương', '#87ceff'),
('N6ib95v0ieSOB', 'N6pYSMaJKgHvK', 'https://res.cloudinary.com/dup598xiv/image/upload/v1681634166/clothesShop/product/d51dastg83rnz1rigref.jpg', 'https://res.cloudinary.com/dup598xiv/image/upload/v1681634166/clothesShop/product/y9iqyvd40qqwbvgbu35h.jpg', 'Bạc Hà', '#00f5ff'),
('N6ibBliCb2aNM', 'N6pysUjkbm3Ng', 'https://res.cloudinary.com/dup598xiv/image/upload/v1681654234/clothesShop/product/asfka7kj6krwk8zxlg4m.jpg', 'https://res.cloudinary.com/dup598xiv/image/upload/v1681654227/clothesShop/product/dwaagm22iajx8oogtoan.jpg', 'Đen', '#000000'),
('N6ibgxnzVZIKU', 'N6phWENqSRj2S', 'https://res.cloudinary.com/dup598xiv/image/upload/v1681644109/clothesShop/product/fbuc6ix9jozy0cc8g7zz.jpg', 'https://res.cloudinary.com/dup598xiv/image/upload/v1681644108/clothesShop/product/wrwisb4s8n99rcqocua1.jpg', 'Xanh Lá', '#228B22'),
('N6iBk60yS1vrI', 'N6p1l1yWvkERF', 'https://res.cloudinary.com/dup598xiv/image/upload/v1681631940/clothesShop/product/cn3gby7y0l2i7qesrx6q.jpg', 'https://res.cloudinary.com/dup598xiv/image/upload/v1681631939/clothesShop/product/dwy6n3jvkmphfbu8gvm9.jpg', 'Hồng', '#ffc0cb'),
('N6iBOT3f9S2vA', 'N6pAiDM5tmwdX', 'https://res.cloudinary.com/dup598xiv/image/upload/v1681653948/clothesShop/product/kmbzwjxwdv8iyigohnbp.jpg', 'https://res.cloudinary.com/dup598xiv/image/upload/v1681653945/clothesShop/product/wyihw6jixbopets9az80.jpg', 'Trắng', '#ffffff'),
('N6ic7Ef4paKjy', 'N6pPXuVJd0e0l', 'https://res.cloudinary.com/dup598xiv/image/upload/v1681657094/clothesShop/product/lomsquucvgdrpigktrgs.jpg', 'https://res.cloudinary.com/dup598xiv/image/upload/v1681657095/clothesShop/product/krkuqluqnihhh6ksx612.jpg', 'Trắng', '#000000'),
('N6iCDM5CRW3VU', 'N6pZnMfbDKeVx', 'https://res.cloudinary.com/dup598xiv/image/upload/v1681647701/clothesShop/product/jzzdbctmoueknyiie3sr.jpg', 'https://res.cloudinary.com/dup598xiv/image/upload/v1681647701/clothesShop/product/bwtbdazet8ijvjne2lwo.jpg', 'Trắng', '#ffffff'),
('N6icllaDjV6P9', 'N6pi5Hhq59UhA', 'https://res.cloudinary.com/dup598xiv/image/upload/v1681636934/clothesShop/product/sownytjwlccex8sbtwwl.jpg', 'https://res.cloudinary.com/dup598xiv/image/upload/v1681636934/clothesShop/product/howxfu8udofd56oasn7y.jpg', 'Trắng', '#ffffff'),
('N6iCqOR5IlI2n', 'N6pysUjkbm3Ng', 'https://res.cloudinary.com/dup598xiv/image/upload/v1681654270/clothesShop/product/nuvuypthgpdjhvceb6sp.jpg', 'https://res.cloudinary.com/dup598xiv/image/upload/v1681654276/clothesShop/product/etbvrqjjza8hshc50wqw.jpg', 'Trắng', '#ffffff'),
('N6iCrPUU9TynK', 'N6p3uINh9spXs', 'https://res.cloudinary.com/dup598xiv/image/upload/v1681630221/clothesShop/product/kfepn4fij6xarsjigkfz.jpg', 'https://res.cloudinary.com/dup598xiv/image/upload/v1681630221/clothesShop/product/ihs70werbrmslljzayxv.jpg', 'Đỏ', '#dc143c'),
('N6iCWeYbJ5AHO', 'N6ppLA8kMhddK', 'https://res.cloudinary.com/dup598xiv/image/upload/v1681635640/clothesShop/product/snwbqafkpbojp5x4e6sn.jpg', 'https://res.cloudinary.com/dup598xiv/image/upload/v1681635639/clothesShop/product/driyepptqezbh3cqokif.jpg', 'Vàng', '#fffacd'),
('N6idf11PyFW0z', 'N6p1NRxsuKCtA', 'https://res.cloudinary.com/dup598xiv/image/upload/v1681554896/clothesShop/product/qq7jyrykyyxyqqi2wrvn.jpg', 'https://res.cloudinary.com/dup598xiv/image/upload/v1681554895/clothesShop/product/tikfy6nrh40p8onppvrn.jpg', 'Đen', '#000000'),
('N6idlWLdOOEAI', 'N6pB8l3vd4pwo', 'https://res.cloudinary.com/dup598xiv/image/upload/v1681655547/clothesShop/product/clofve36d3lo6d5v9i0j.jpg', 'https://res.cloudinary.com/dup598xiv/image/upload/v1681655545/clothesShop/product/dmeaanwzo89blbvcmbjd.jpg', 'Trắng', '#ffffff'),
('N6ie6voWcI7m5', 'N6pm7eFeF9pgF', 'https://res.cloudinary.com/dup598xiv/image/upload/v1681656695/clothesShop/product/mbwvscd77ijexgpkiprj.jpg', 'https://res.cloudinary.com/dup598xiv/image/upload/v1681656691/clothesShop/product/au7vdj0yohwcnomqccmw.jpg', 'Đen', '#000000'),
('N6ies66WSeBVP', 'N6pir1dt9TWGJ', 'https://res.cloudinary.com/dup598xiv/image/upload/v1681646425/clothesShop/product/os5fsfx2qq0eejrwxxn1.jpg', 'https://res.cloudinary.com/dup598xiv/image/upload/v1681646424/clothesShop/product/jcskcvw9t6yl5qwe2o7k.jpg', 'Đen', '#000000'),
('N6ietglijQ4FK', 'N6pwVDAuL1TWK', 'https://res.cloudinary.com/dup598xiv/image/upload/v1681647210/clothesShop/product/iqwpvn1grt2zwxwyi9t3.jpg', 'https://res.cloudinary.com/dup598xiv/image/upload/v1681647208/clothesShop/product/zmk5cdywg7j9jf1voksv.jpg', 'Đen', '#000000'),
('N6iEvgXlWU9LW', 'N6pYmuGsR2BjK', 'https://res.cloudinary.com/dup598xiv/image/upload/v1681636826/clothesShop/product/bnpawdjttsjtw7evn2df.jpg', 'https://res.cloudinary.com/dup598xiv/image/upload/v1681636825/clothesShop/product/vbrgx4s6rufjcyqvn3ze.jpg', 'Be', '#ffcc99'),
('N6iey1mtothjV', 'N6pFW7UiKe3Ox', 'https://res.cloudinary.com/dup598xiv/image/upload/v1681634371/clothesShop/product/qs9avczvqjhbjeiqwg9j.jpg', 'https://res.cloudinary.com/dup598xiv/image/upload/v1681634370/clothesShop/product/uybljiisjcr214cjjwgb.jpg', 'Xanh Dương', '#1e90ff'),
('N6if6uqCqgVtA', 'N6pZN2uM8x0YZ', 'https://res.cloudinary.com/dup598xiv/image/upload/v1681645192/clothesShop/product/qjuoe7iqkgoymdwkhxqq.jpg', 'https://res.cloudinary.com/dup598xiv/image/upload/v1681645191/clothesShop/product/paie33tgms5ixilckmda.jpg', 'Trắng', '#ffffff'),
('N6ifl6t8CjXMZ', 'N6prWOxVjTA7R', 'https://res.cloudinary.com/dup598xiv/image/upload/v1681647389/clothesShop/product/fudamx8cxhlxkvjec0zn.jpg', 'https://res.cloudinary.com/dup598xiv/image/upload/v1681647389/clothesShop/product/a1fh7cuhhlkzqbxwa5m4.jpg', 'Xám', '#f5f5f5'),
('N6ifmbtockgG0', 'N6phjNHt6vN22', 'https://res.cloudinary.com/dup598xiv/image/upload/v1681647535/clothesShop/product/tdafjzj8oynij51vqzsp.jpg', 'https://res.cloudinary.com/dup598xiv/image/upload/v1681647534/clothesShop/product/g12g4uwkki4ryeuyg8fy.jpg', 'Đen', '#000000'),
('N6iFMlWNSQYk0', 'N6pd6vlY4hbgr', 'https://res.cloudinary.com/dup598xiv/image/upload/v1681653692/clothesShop/product/if91e9malueilp3btl7p.jpg', 'https://res.cloudinary.com/dup598xiv/image/upload/v1681653691/clothesShop/product/jnajthkija2gpj9a6pm8.jpg', 'Đen', '#000000'),
('N6ifxdOvjE6IM', 'N6pYtnOl4X5B0', 'https://res.cloudinary.com/dup598xiv/image/upload/v1681644968/clothesShop/product/wcdttb6iekmyrz9epiu5.jpg', 'https://res.cloudinary.com/dup598xiv/image/upload/v1681644967/clothesShop/product/mxujcvhnc51lo03inp7v.jpg', 'Đen', '#000000'),
('N6ify7Pq5rHSj', 'N6ppLA8kMhddK', 'https://res.cloudinary.com/dup598xiv/image/upload/v1681635586/clothesShop/product/zvpmtynta6fzvail3ql4.jpg', 'https://res.cloudinary.com/dup598xiv/image/upload/v1681635585/clothesShop/product/nsojb473hyvwqrx1t0ah.jpg', 'Xanh Dương', '#87ceff'),
('N6iG53LDdVocU', 'N6pKZRqH8DSO1', 'https://res.cloudinary.com/dup598xiv/image/upload/v1681643050/clothesShop/product/fnxeuaavdaybfldomaug.jpg', 'https://res.cloudinary.com/dup598xiv/image/upload/v1681643048/clothesShop/product/hhase6gnl0egsbvzncpv.jpg', 'Đen', '#000000'),
('N6iG5Hc4cQlWE', 'N6pu59zHnSQEr', 'https://res.cloudinary.com/dup598xiv/image/upload/v1681657814/clothesShop/product/rekz4qd25h5mqtum38cm.jpg', 'https://res.cloudinary.com/dup598xiv/image/upload/v1681657814/clothesShop/product/agrkwuitm2djt5vqrotp.jpg', 'Trắng ', '#ffffff'),
('N6iGfOGrxMqK7', 'N6pYmuGsR2BjK', 'https://res.cloudinary.com/dup598xiv/image/upload/v1681636793/clothesShop/product/mcfzbwtmviyyvp1aowyp.jpg', 'https://res.cloudinary.com/dup598xiv/image/upload/v1681636792/clothesShop/product/p2gc8ka9g8cazjqjajdp.jpg', 'Nâu', '#8b4500'),
('N6ih1TRJFVlPi', 'N6pZxUNfXGBzF', 'https://res.cloudinary.com/dup598xiv/image/upload/v1681653516/clothesShop/product/fpti4mhmtahcsblcubto.jpg', 'https://res.cloudinary.com/dup598xiv/image/upload/v1681653516/clothesShop/product/wwcovrhwdm5taxhmlvo3.jpg', 'Trắng', '#ffffff'),
('N6ihAS1giaHz8', 'N6p9ULceXFr0J', 'https://res.cloudinary.com/dup598xiv/image/upload/v1681646711/clothesShop/product/ae2htgaiowtfuffqpseq.jpg', 'https://res.cloudinary.com/dup598xiv/image/upload/v1681646710/clothesShop/product/mwsgwdnv1rjiy9mfma6r.jpg', 'Xám', '#f5f5f5'),
('N6ihbISZ97F55', 'N6prh9QKfP6Zk', 'https://res.cloudinary.com/dup598xiv/image/upload/v1681656222/clothesShop/product/k3dvnp59wlc7em254asc.jpg', 'https://res.cloudinary.com/dup598xiv/image/upload/v1681656220/clothesShop/product/xaaqdrqgsnm2hdc6nhaj.jpg', 'Đỏ', '#cd5555'),
('N6ihCk5roY399', 'N6pxwOkAdz5y6', 'https://res.cloudinary.com/dup598xiv/image/upload/v1681636185/clothesShop/product/zxzovz1qfis9m2emtukz.jpg', 'https://res.cloudinary.com/dup598xiv/image/upload/v1681636184/clothesShop/product/v8fdcqbzjxsamqfdsr9p.jpg', 'Trắng', '#ffffff'),
('N6iHD6K4adNHi', 'N6pFToLMiVwEB', 'https://res.cloudinary.com/dup598xiv/image/upload/v1681655402/clothesShop/product/huc7ewvklgx5mdnum9pk.jpg', 'https://res.cloudinary.com/dup598xiv/image/upload/v1681655404/clothesShop/product/y7yssuz7gplaqbhec2jf.jpg', 'Trắng', '#ffffff'),
('N6ihKrNmXu7aO', 'N6p8xw598NxVH', 'https://res.cloudinary.com/dup598xiv/image/upload/v1681643436/clothesShop/product/tfdjm55q0icz0jxcztun.jpg', 'https://res.cloudinary.com/dup598xiv/image/upload/v1681643435/clothesShop/product/jp1phocmk7nmk29cp9uq.jpg', 'Trắng', '#ffffff'),
('N6ihkvH7MiSKy', 'N6pHdpIDOjZ5k', 'https://res.cloudinary.com/dup598xiv/image/upload/v1681656791/clothesShop/product/l2xa9crocubeiudgfcna.jpg', 'https://res.cloudinary.com/dup598xiv/image/upload/v1681656787/clothesShop/product/xwtyzgooqftoplsmufk8.jpg', 'Xanh Biển', '#87ceff'),
('N6ihLB1v6HMgK', 'N6pZzheK8DY09', 'https://res.cloudinary.com/dup598xiv/image/upload/v1681655305/clothesShop/product/tlapksmuuztyh8sqrlha.jpg', 'https://res.cloudinary.com/dup598xiv/image/upload/v1681655304/clothesShop/product/abmo3uv0wyon2wludt7p.jpg', 'Be', '#ffe4c4'),
('N6ihnlvvQ3UWy', 'N6pBorze6t78s', 'https://res.cloudinary.com/dup598xiv/image/upload/v1681655203/clothesShop/product/iktjynlytqnpehetpz6t.jpg', 'https://res.cloudinary.com/dup598xiv/image/upload/v1681655206/clothesShop/product/viidylq5loibmdmtjzv9.jpg', 'Xanh Dương', '#00bfff'),
('N6ihOfqw1pXCg', 'N6pXxyzneWrJA', 'https://res.cloudinary.com/dup598xiv/image/upload/v1681646188/clothesShop/product/nlosd2rvqzaibiynhprs.jpg', 'https://res.cloudinary.com/dup598xiv/image/upload/v1681646186/clothesShop/product/thvexgfdcdkbp0vj2vtk.jpg', 'Hồng', '#ffc0cb'),
('N6iHYu0F2TnoO', 'N6pZzheK8DY09', 'https://res.cloudinary.com/dup598xiv/image/upload/v1681655339/clothesShop/product/zqhgapne8gkkgg6mzdv7.jpg', 'https://res.cloudinary.com/dup598xiv/image/upload/v1681655341/clothesShop/product/oehf5gxseinayptfgokh.jpg', 'Trắng', '#ffffff'),
('N6iHzo9GWD6FR', 'N6pzYeKD1Nfu2', 'https://res.cloudinary.com/dup598xiv/image/upload/v1681654095/clothesShop/product/umzy8hfi5p2dtktesnml.jpg', 'https://res.cloudinary.com/dup598xiv/image/upload/v1681654093/clothesShop/product/mihqvsopilnnhu0xkbjb.jpg', 'Vàng', '#eee8aa'),
('N6ii4US7uTVUU', 'N6pbs4FBI0Ppo', 'https://res.cloudinary.com/dup598xiv/image/upload/v1681657365/clothesShop/product/blok6h0bceqohcmingpw.jpg', 'https://res.cloudinary.com/dup598xiv/image/upload/v1681657373/clothesShop/product/ovfogjom0bmqqreposdn.jpg', 'Hồng', '#ffc0cb'),
('N6iiFaCydEoNA', 'N6pWygoyNLBvF', 'https://res.cloudinary.com/dup598xiv/image/upload/v1681657642/clothesShop/product/kx6bu9efk7ujcl1p3o68.jpg', 'https://res.cloudinary.com/dup598xiv/image/upload/v1681657639/clothesShop/product/vjiix18wvngmudbilwqr.jpg', 'Trắng ', '#ffffff'),
('N6iiGhAutNC14', 'N6pWBn0ql8unm', 'https://res.cloudinary.com/dup598xiv/image/upload/v1681630443/clothesShop/product/q8bgekwewumi3dokuawq.jpg', 'https://res.cloudinary.com/dup598xiv/image/upload/v1681630442/clothesShop/product/low1qpswxwrtmatdxduz.jpg', 'Hồng', '#ffb5c5'),
('N6iIpmS9mHKNj', 'N6pB8l3vd4pwo', 'https://res.cloudinary.com/dup598xiv/image/upload/v1681655514/clothesShop/product/wzskuz5ac3rpghzybuvn.jpg', 'https://res.cloudinary.com/dup598xiv/image/upload/v1681655511/clothesShop/product/s7mwhfhyfltps2pnfkbb.jpg', 'Đen', '#000000'),
('N6iJds7wFiGLN', 'N6plKXTK8tUmk', 'https://res.cloudinary.com/dup598xiv/image/upload/v1681656935/clothesShop/product/bjvwud33f2sf5r1cxc84.jpg', 'https://res.cloudinary.com/dup598xiv/image/upload/v1681656932/clothesShop/product/yo6otlsvbyk1y5wvsob7.jpg', 'Trắng', '#ffffff'),
('N6iJiYQVMLZCi', 'N6pg5luUkkRKW', 'https://res.cloudinary.com/dup598xiv/image/upload/v1681645326/clothesShop/product/dh4gq457xhphdmovrdas.jpg', 'https://res.cloudinary.com/dup598xiv/image/upload/v1681645325/clothesShop/product/bdfhrd9epl2my4xzepj2.jpg', 'Đỏ', '#dc143c'),
('N6ijSyKBXDtVn', 'N6pGFJYCI2TjF', 'https://res.cloudinary.com/dup598xiv/image/upload/v1681645871/clothesShop/product/avkwh9jlpwujfupvgngd.jpg', 'https://res.cloudinary.com/dup598xiv/image/upload/v1681645871/clothesShop/product/mhnhpr4swoicqxrzqjf2.jpg', 'Đen', '#000000'),
('N6ijWvMX79DSI', 'N6piP3TwukkR5', 'https://res.cloudinary.com/dup598xiv/image/upload/v1681655070/clothesShop/product/kyu7txbc5mtnbdjt7j1i.jpg', 'https://res.cloudinary.com/dup598xiv/image/upload/v1681655064/clothesShop/product/vgcjexkghozuitmgxalr.jpg', 'Đen', '#000000'),
('N6iKlZ1sRfRGR', 'N6pd6vlY4hbgr', 'https://res.cloudinary.com/dup598xiv/image/upload/v1681653661/clothesShop/product/smglaazlam2xy8rhqfo5.jpg', 'https://res.cloudinary.com/dup598xiv/image/upload/v1681653646/clothesShop/product/m02yf9nzlxiaqaregnw5.jpg', 'Kem', '#f5f5f5'),
('N6iKqnSDGVjkh', 'N6pg5luUkkRKW', 'https://res.cloudinary.com/dup598xiv/image/upload/v1681645291/clothesShop/product/m3lvjopfn6nq1yw8da2j.jpg', 'https://res.cloudinary.com/dup598xiv/image/upload/v1681645290/clothesShop/product/zitndai1dzdswh8o88el.jpg', 'Đen', '#000000'),
('N6iKRigR23D9Q', 'N6pmkrU8HC1Gh', 'https://res.cloudinary.com/dup598xiv/image/upload/v1681658454/clothesShop/product/wbabp69bvb1p1gsfd8rx.jpg', 'https://res.cloudinary.com/dup598xiv/image/upload/v1681658451/clothesShop/product/vvxncekkwpnlboygreu0.jpg', 'Be', '#cdaf95'),
('N6iKtOtD6FTEF', 'N6pXgeDsPwmlp', 'https://res.cloudinary.com/dup598xiv/image/upload/v1681647955/clothesShop/product/dcqjscoiyhqcbvbnewpi.jpg', 'https://res.cloudinary.com/dup598xiv/image/upload/v1681647955/clothesShop/product/f61mbmp9ryjkoxenpxax.jpg', 'Đen', '#000000'),
('N6iL3og3uC8g5', 'N6pFtLiszDtdt', 'https://res.cloudinary.com/dup598xiv/image/upload/v1681635945/clothesShop/product/l0k69vfo6g9ocm6vj6lm.jpg', 'https://res.cloudinary.com/dup598xiv/image/upload/v1681635943/clothesShop/product/qlnvlumn2s3lwbhkgn2h.jpg', 'Vàng', '#fae7d7'),
('N6iLAsw8omKrx', 'N6pPXuVJd0e0l', 'https://res.cloudinary.com/dup598xiv/image/upload/v1681657134/clothesShop/product/stkmkytkrpmw5dg9xgmr.jpg', 'https://res.cloudinary.com/dup598xiv/image/upload/v1681657130/clothesShop/product/jwubcrpghl9lpwt2w3gm.jpg', 'Đỏ', '#dc143c'),
('N6ilbcZiNNcZe', 'N6p1l1yWvkERF', 'https://res.cloudinary.com/dup598xiv/image/upload/v1681631979/clothesShop/product/vpyuiywnzpc608ovr4zp.jpg', 'https://res.cloudinary.com/dup598xiv/image/upload/v1681631978/clothesShop/product/iihfaepnj8souhwzyc3d.jpg', 'Kem', '#fffaf0'),
('N6iLcM1LDRe3F', 'N6p8xw598NxVH', 'https://res.cloudinary.com/dup598xiv/image/upload/v1681643496/clothesShop/product/s8tjnudshaexy5e0adqr.jpg', 'https://res.cloudinary.com/dup598xiv/image/upload/v1681643494/clothesShop/product/wk5njp4xdkcurdeufkak.jpg', 'Da', '#fffaf0'),
('N6ilfeDqizGer', 'N6pzYeKD1Nfu2', 'https://res.cloudinary.com/dup598xiv/image/upload/v1681654057/clothesShop/product/guzs2oq936kmt4t9n2gj.jpg', 'https://res.cloudinary.com/dup598xiv/image/upload/v1681654054/clothesShop/product/j4yandwgk9aoxyvp3z24.jpg', 'Đen', '#000000'),
('N6iltVZs6JxqF', 'N6p6p5NJIQSAf', 'https://res.cloudinary.com/dup598xiv/image/upload/v1681644509/clothesShop/product/vxpbmploujq9antlies4.jpg', 'https://res.cloudinary.com/dup598xiv/image/upload/v1681644507/clothesShop/product/ddobd5w9ppjbxpdo4liy.jpg', 'Be', '#f4a460'),
('N6ilvxCgKmzT9', 'N6pNbPoXDswg5', 'https://res.cloudinary.com/dup598xiv/image/upload/v1681629839/clothesShop/product/x8garn8zk5otktunqmib.jpg', 'https://res.cloudinary.com/dup598xiv/image/upload/v1681629838/clothesShop/product/kbijjbcrvyvinjycugfu.jpg', 'Trắng', '#ffffff'),
('N6ilXTlXlQYdX', 'N6pm7eFeF9pgF', 'https://res.cloudinary.com/dup598xiv/image/upload/v1681656665/clothesShop/product/fbkgba73tny6emzkz3lp.jpg', 'https://res.cloudinary.com/dup598xiv/image/upload/v1681656656/clothesShop/product/qozmpc6pxj3zam1rgiiw.jpg', 'Đỏ', '#ff0000'),
('N6iMBnBxp2cd1', 'N6pgzv9hxU2Vf', 'https://res.cloudinary.com/dup598xiv/image/upload/v1681637703/clothesShop/product/m0kwg9kwptmnpv1ctbdc.jpg', 'https://res.cloudinary.com/dup598xiv/image/upload/v1681637702/clothesShop/product/bucdgeqmjusovpvttmen.jpg', 'Đen', '#000000'),
('N6iMbYxR3DTll', 'N6pXZVYGL5lXU', 'https://res.cloudinary.com/dup598xiv/image/upload/v1681632165/clothesShop/product/qw5yytdhfledljbapucb.jpg', 'https://res.cloudinary.com/dup598xiv/image/upload/v1681632164/clothesShop/product/sf6lau6npknimugjmpdq.jpg', 'Trắng', '#ffffff'),
('N6imDSrLwGAv2', 'N6pw5yIczZSoj', 'https://res.cloudinary.com/dup598xiv/image/upload/v1681656540/clothesShop/product/g6njt2ejusgsac0iuptd.jpg', 'https://res.cloudinary.com/dup598xiv/image/upload/v1681656526/clothesShop/product/hbnsycpi1hr7fvg5off5.jpg', 'Đen', '#000000'),
('N6imgOM738POV', 'N6pZxUNfXGBzF', 'https://res.cloudinary.com/dup598xiv/image/upload/v1681653480/clothesShop/product/q5j2hzffeeozfknzszid.jpg', 'https://res.cloudinary.com/dup598xiv/image/upload/v1681653477/clothesShop/product/aauyktbsdibjlucuh5js.jpg', 'Đen', '#000000'),
('N6imhIFnzTm60', 'N6pCnBwJ8RZMh', 'https://res.cloudinary.com/dup598xiv/image/upload/v1681645059/clothesShop/product/qbnyltrl4452drg7k0oy.jpg', 'https://res.cloudinary.com/dup598xiv/image/upload/v1681645057/clothesShop/product/lxfd0adqoueolkgy8cdw.jpg', 'Trắng', '#ffffff'),
('N6iMipkkcjexS', 'N6pCnBwJ8RZMh', 'https://res.cloudinary.com/dup598xiv/image/upload/v1681645099/clothesShop/product/hm7fvw0yjkvl72njihwq.jpg', 'https://res.cloudinary.com/dup598xiv/image/upload/v1681645098/clothesShop/product/t5k3ie86ukz21tgsrgut.jpg', 'Xanh Lá', '#66cdaa'),
('N6iMLuR08zFWO', 'N6pVR8Lf9JkYn', 'https://res.cloudinary.com/dup598xiv/image/upload/v1681655648/clothesShop/product/ijbmugwjlnh71ba2efkc.jpg', 'https://res.cloudinary.com/dup598xiv/image/upload/v1681655646/clothesShop/product/cfbspzlnhrz9asoubopt.jpg', 'Be', '#ffe4c4'),
('N6iN7Q4Ff1VlP', 'N6pMf3yRU65KD', 'https://res.cloudinary.com/dup598xiv/image/upload/v1681653107/clothesShop/product/ninuooqh9pma4gxr8bjy.jpg', 'https://res.cloudinary.com/dup598xiv/image/upload/v1681653101/clothesShop/product/iajvdfskie1sjsu1zyzl.jpg', 'Đen', '#000000'),
('N6iNdlFh4Bcj4', 'N6pNbPoXDswg5', 'https://res.cloudinary.com/dup598xiv/image/upload/v1681629799/clothesShop/product/neodbu4gyii7m9v0iyim.jpg', 'https://res.cloudinary.com/dup598xiv/image/upload/v1681629797/clothesShop/product/eei4mayz3g3muvysiyg5.jpg', 'Xám', '#e8e8e8'),
('N6iNEzuoqE8XJ', 'N6phWENqSRj2S', 'https://res.cloudinary.com/dup598xiv/image/upload/v1681644069/clothesShop/product/vn549rzscomyp7plwkcl.jpg', 'https://res.cloudinary.com/dup598xiv/image/upload/v1681644067/clothesShop/product/bi6hqxwmkxtznbkypamm.jpg', 'Đen', '#000000'),
('N6infCM7ECf8d', 'N6p3uINh9spXs', 'https://res.cloudinary.com/dup598xiv/image/upload/v1681630164/clothesShop/product/k4t7zskatncdpje1kdtb.jpg', 'https://res.cloudinary.com/dup598xiv/image/upload/v1681630163/clothesShop/product/qdon1y16pjgj3cqbau2w.jpg', 'Đen', '#000000'),
('N6iNJCULzVL0t', 'N6pZN2uM8x0YZ', 'https://res.cloudinary.com/dup598xiv/image/upload/v1681645219/clothesShop/product/u5twxm3itdkq0mzir41s.jpg', 'https://res.cloudinary.com/dup598xiv/image/upload/v1681645218/clothesShop/product/tkqtqoiybnhrdaahengq.jpg', 'Đen', '#000000'),
('N6iNOPCuQPDrJ', 'N6pir1dt9TWGJ', 'https://res.cloudinary.com/dup598xiv/image/upload/v1681646465/clothesShop/product/rognyupgnbghtrpuujty.jpg', 'https://res.cloudinary.com/dup598xiv/image/upload/v1681646464/clothesShop/product/wp3rves5x7nmfe5ctrks.jpg', 'Vàng', '#ffd700'),
('N6inslLarrHsb', 'N6pMUppvN5bOp', 'https://res.cloudinary.com/dup598xiv/image/upload/v1681644727/clothesShop/product/eyvbc8g3ow0izv8h52k2.jpg', 'https://res.cloudinary.com/dup598xiv/image/upload/v1681644724/clothesShop/product/mhg7ystq5mn2jezoulmj.jpg', 'Đen', '#000000'),
('N6iO0grYJSZUp', 'N6pG9vTeFmXV3', 'https://res.cloudinary.com/dup598xiv/image/upload/v1681644336/clothesShop/product/nyy0nqh3bhf1jjuoqkkg.jpg', 'https://res.cloudinary.com/dup598xiv/image/upload/v1681644335/clothesShop/product/xp2n0761jrfahhswxv09.jpg', 'Vàng', '#eee8aa'),
('N6io5eCc2Q0Oh', 'N6pFW7UiKe3Ox', 'https://res.cloudinary.com/dup598xiv/image/upload/v1681634331/clothesShop/product/ar3bfa5whs6gij1ny5nx.jpg', 'https://res.cloudinary.com/dup598xiv/image/upload/v1681634330/clothesShop/product/ynchcygshgzzctuuobsw.jpg', 'Đen', '#000000'),
('N6io6IYX8yzI8', 'N6pMf3yRU65KD', 'https://res.cloudinary.com/dup598xiv/image/upload/v1681653152/clothesShop/product/tdlvjxdok0awtfjqpbcl.jpg', 'https://res.cloudinary.com/dup598xiv/image/upload/v1681653150/clothesShop/product/wzn6ru3zc2ur6clynqct.jpg', 'Đỏ', '#dc143c'),
('N6iOcWHDsCKmq', 'N6pOonyHOxQMu', 'https://res.cloudinary.com/dup598xiv/image/upload/v1681636427/clothesShop/product/ce3ippxzz0yi0vahuasx.jpg', 'https://res.cloudinary.com/dup598xiv/image/upload/v1681636426/clothesShop/product/cwkdiyifjwnolghvubnl.jpg', 'Vàng Bò', '#8b4513'),
('N6ioKOZToe9AD', 'N6p1NRxsuKCtA', 'https://res.cloudinary.com/dup598xiv/image/upload/v1681629385/clothesShop/product/np9gqwfmdislqyzyzv4f.jpg', 'https://res.cloudinary.com/dup598xiv/image/upload/v1681629383/clothesShop/product/ev7ozqss0f93iufihv1i.jpg', 'Trắng', '#ffffff'),
('N6iOnRejNbo2i', 'N6pKynvRYTeXt', 'https://res.cloudinary.com/dup598xiv/image/upload/v1681658238/clothesShop/product/otxsioafkeqpihejy9gs.jpg', 'https://res.cloudinary.com/dup598xiv/image/upload/v1681658238/clothesShop/product/jedizvwxjqhgiu8mxeh2.jpg', 'Đen', '#000000'),
('N6ioR9TqUXhEO', 'N6pwxyjoxTfgV', 'https://res.cloudinary.com/dup598xiv/image/upload/v1681654387/clothesShop/product/rf0rg9jcodzwbp7fylss.jpg', 'https://res.cloudinary.com/dup598xiv/image/upload/v1681654383/clothesShop/product/e0pyt2wsnx0no3hgbagg.jpg', 'Be', '#ffe4c4'),
('N6iosR4Q8ODbV', 'N6pOonyHOxQMu', 'https://res.cloudinary.com/dup598xiv/image/upload/v1681636382/clothesShop/product/dzhctkngfsh1qbtykxsp.jpg', 'https://res.cloudinary.com/dup598xiv/image/upload/v1681636381/clothesShop/product/nxhsk1z4jboclqtnttbb.jpg', 'Xanh Dương', '#87ceff'),
('N6ipHZami5s5B', 'N6pMH1BzTLDsQ', 'https://res.cloudinary.com/dup598xiv/image/upload/v1681658559/clothesShop/product/fdoqc8w0ymujkcrgauwb.jpg', 'https://res.cloudinary.com/dup598xiv/image/upload/v1681658557/clothesShop/product/fnnspemmd6yfbcez0tps.jpg', 'Trắng', '#ffffff'),
('N6iPlduJHZfOx', 'N6pXNEdN12xAz', 'https://res.cloudinary.com/dup598xiv/image/upload/v1681643582/clothesShop/product/pa6pqjxevw9ojlyp2zlk.jpg', 'https://res.cloudinary.com/dup598xiv/image/upload/v1681643580/clothesShop/product/ruc0nrnuphndfuf7pfbr.jpg', 'Trắng', '#ffffff'),
('N6iPm7gM3MuwR', 'N6pHdpIDOjZ5k', 'https://res.cloudinary.com/dup598xiv/image/upload/v1681656831/clothesShop/product/ox6gmjruhs3yulgwkns6.jpg', 'https://res.cloudinary.com/dup598xiv/image/upload/v1681656829/clothesShop/product/wsps7rhnsxyiziuwlteq.jpg', 'Trắng', '#ffffff'),
('N6iptrL5LL5Wm', 'N6pgliJpYhV0p', 'https://res.cloudinary.com/dup598xiv/image/upload/v1681656136/clothesShop/product/omqfbqt3zcqwrrfei3ih.jpg', 'https://res.cloudinary.com/dup598xiv/image/upload/v1681656133/clothesShop/product/k4ujcu9cnbwl0x8oktby.jpg', 'Xanh Biển', '#bbffff'),
('N6iPw4pxDF32L', 'N6pYmuGsR2BjK', 'https://res.cloudinary.com/dup598xiv/image/upload/v1681636660/clothesShop/product/bus1602wbtypnevurasl.jpg', 'https://res.cloudinary.com/dup598xiv/image/upload/v1681636659/clothesShop/product/ozh2zgk6xgx5ljydt1rz.jpg', 'Trắng', '#ffffff'),
('N6iQ1OGWQNSBS', 'N6p3wA2mQwwQ9', 'https://res.cloudinary.com/dup598xiv/image/upload/v1681637134/clothesShop/product/tf7jnwtgqecccxc2t0xa.jpg', 'https://res.cloudinary.com/dup598xiv/image/upload/v1681637133/clothesShop/product/qcwrlsedrdifmdotscl5.jpg', 'Hồng', '#F08080'),
('N6iqpnbeZtJ6S', 'N6pG9vTeFmXV3', 'https://res.cloudinary.com/dup598xiv/image/upload/v1681644391/clothesShop/product/yx0mnryzgbmaep3ae29y.jpg', 'https://res.cloudinary.com/dup598xiv/image/upload/v1681644389/clothesShop/product/yl9fpkwltbefargmzikn.jpg', 'Hồng', '#ffc0cb'),
('N6iQSll16kCLn', 'N6prWOxVjTA7R', 'https://res.cloudinary.com/dup598xiv/image/upload/v1681647327/clothesShop/product/arnhhv11dkc2luwqz2yk.jpg', 'https://res.cloudinary.com/dup598xiv/image/upload/v1681647326/clothesShop/product/xyvwedqjpgjtokzt6bdm.jpg', 'Đen', '#000000'),
('N6iR2RoR4GDup', 'N6p3QrpMgzqKd', 'https://res.cloudinary.com/dup598xiv/image/upload/v1681646320/clothesShop/product/sxabdg4pj6p91qfeb3xd.jpg', 'https://res.cloudinary.com/dup598xiv/image/upload/v1681646319/clothesShop/product/idtfdabog3soc6dg1lfd.jpg', 'Trắng', '#ffffff'),
('N6iR63pynfZK2', 'N6pXNEdN12xAz', 'https://res.cloudinary.com/dup598xiv/image/upload/v1681643621/clothesShop/product/t3viswcbhze3onn9m915.jpg', 'https://res.cloudinary.com/dup598xiv/image/upload/v1681643620/clothesShop/product/aie6b3vmgsgh9etvdywm.jpg', 'Đen', '#000000'),
('N6iRgjjJY4dNe', 'N6pXgeDsPwmlp', 'https://res.cloudinary.com/dup598xiv/image/upload/v1681647916/clothesShop/product/lie8gr0nt78vpgd67itf.jpg', 'https://res.cloudinary.com/dup598xiv/image/upload/v1681647914/clothesShop/product/jruo3ozspjnyg9xdcsm4.jpg', 'Trắng', '#ffffff'),
('N6irtpeDt12Wa', 'N6poA4vOsmmYF', 'https://res.cloudinary.com/dup598xiv/image/upload/v1681644832/clothesShop/product/qg9b3n6jxlmwigukpcdb.jpg', 'https://res.cloudinary.com/dup598xiv/image/upload/v1681644831/clothesShop/product/rn1km1djg7mtsxw2n5ll.jpg', 'Trắng', '#ffffff'),
('N6iRvFDVmFmq9', 'N6pMpmkeTHMlP', 'https://res.cloudinary.com/dup598xiv/image/upload/v1681654572/clothesShop/product/iq26vzmebels0f6my62h.jpg', 'https://res.cloudinary.com/dup598xiv/image/upload/v1681654570/clothesShop/product/aznduthkcdefvd9clppi.jpg', 'Đen', '#000000'),
('N6irXKC5MnHgF', 'N6pWciWIk96rz', 'https://res.cloudinary.com/dup598xiv/image/upload/v1681645476/clothesShop/product/gx1sgartzqvjhraof3cu.jpg', 'https://res.cloudinary.com/dup598xiv/image/upload/v1681645475/clothesShop/product/tzta3ewoyts79a9gerwd.jpg', 'Đen', '#000000'),
('N6iRY1mkgc4fs', 'N6prh9QKfP6Zk', 'https://res.cloudinary.com/dup598xiv/image/upload/v1681656283/clothesShop/product/rclwygpavmc8whac1kc9.jpg', 'https://res.cloudinary.com/dup598xiv/image/upload/v1681656281/clothesShop/product/iabpmwrbfq1p6gthkvhc.jpg', 'Vàng', '#fffacd'),
('N6iRzRbNzhLZX', 'N6pBorze6t78s', 'https://res.cloudinary.com/dup598xiv/image/upload/v1681655168/clothesShop/product/ddtad6h4lfe2dbz6yfm0.jpg', 'https://res.cloudinary.com/dup598xiv/image/upload/v1681655169/clothesShop/product/geavmt2uap0zexbwmo3f.jpg', 'Vàng', '#ffc125'),
('N6is5L5mQsE84', 'N6pKZRqH8DSO1', 'https://res.cloudinary.com/dup598xiv/image/upload/v1681643098/clothesShop/product/caxy16tol7dn0pabxz61.jpg', 'https://res.cloudinary.com/dup598xiv/image/upload/v1681643097/clothesShop/product/ackoobfcx1vx6fhgmzjy.jpg', 'Be', '#ffe4c4'),
('N6isczagdbI1Y', 'N6pSPnqf7Y7bU', 'https://res.cloudinary.com/dup598xiv/image/upload/v1681654826/clothesShop/product/ppsq0kblrvka9ygm145b.jpg', 'https://res.cloudinary.com/dup598xiv/image/upload/v1681654817/clothesShop/product/oyq418s1viyfa7rcyxin.jpg', 'Kem', '#fffaf0'),
('N6isxFIwIicXv', 'N6pTlqFuHOHyk', 'https://res.cloudinary.com/dup598xiv/image/upload/v1681658764/clothesShop/product/oelcz3pak9omzafqps8f.jpg', 'https://res.cloudinary.com/dup598xiv/image/upload/v1681658761/clothesShop/product/hrss2w14jil33nnongdj.jpg', 'Đen', '#000000'),
('N6isYwLUkTZcs', 'N6p0f5A7qfA1k', 'https://res.cloudinary.com/dup598xiv/image/upload/v1681632349/clothesShop/product/dtzjbyrjlmhn0qw3lrkh.jpg', 'https://res.cloudinary.com/dup598xiv/image/upload/v1681632348/clothesShop/product/kuupwa7ncmjncshhkcmg.jpg', 'Be', '#ffefd5'),
('N6iSzjdizsDHO', 'N6pi5Hhq59UhA', 'https://res.cloudinary.com/dup598xiv/image/upload/v1681636974/clothesShop/product/h9a9is1ivqdpj0aph7fm.jpg', 'https://res.cloudinary.com/dup598xiv/image/upload/v1681636973/clothesShop/product/mfwlqhbz2kncf3fckxpq.jpg', 'Đen', '#000000'),
('N6it0spgZRset', 'N6pu59zHnSQEr', 'https://res.cloudinary.com/dup598xiv/image/upload/v1681657856/clothesShop/product/ukfefabju45cvusleaz3.jpg', 'https://res.cloudinary.com/dup598xiv/image/upload/v1681657854/clothesShop/product/qlxnaogfag40bcbwyyc1.jpg', 'Đen', '#000000'),
('N6iTbK9l5ETik', 'N6pV1fYxqRt2I', 'https://res.cloudinary.com/dup598xiv/image/upload/v1681653345/clothesShop/product/pzii2iwwemahx96oplsh.jpg', 'https://res.cloudinary.com/dup598xiv/image/upload/v1681653344/clothesShop/product/y4kof7yx3ac7eoduqr4m.jpg', 'Nâu', '#ffdab9'),
('N6itCayLu1jMa', 'N6pfeP5OJxYXb', 'https://res.cloudinary.com/dup598xiv/image/upload/v1681631703/clothesShop/product/ynrzcpixkxzv3c0cb7uv.jpg', 'https://res.cloudinary.com/dup598xiv/image/upload/v1681631701/clothesShop/product/aykjomnh7zntik6knnfu.jpg', 'Đen', '#000000'),
('N6itHG3SEvrN1', 'N6pGFJYCI2TjF', 'https://res.cloudinary.com/dup598xiv/image/upload/v1681645919/clothesShop/product/lyiqkluswlujqf05jyfj.jpg', 'https://res.cloudinary.com/dup598xiv/image/upload/v1681645919/clothesShop/product/dpnnyz7ifqr55rqp9w20.jpg', 'Trắng', '#ffffff'),
('N6iTLKnAwdhI2', 'N6pV1fYxqRt2I', 'https://res.cloudinary.com/dup598xiv/image/upload/v1681653298/clothesShop/product/yrixfsrstao40tit5zs9.jpg', 'https://res.cloudinary.com/dup598xiv/image/upload/v1681653301/clothesShop/product/sldpb2jrabc3tfvgkew5.jpg', 'Xanh Dương', '#00f5ff'),
('N6iTvtfuBz0gP', 'N6pAiDM5tmwdX', 'https://res.cloudinary.com/dup598xiv/image/upload/v1681653979/clothesShop/product/qsmyaksr5dhstcfepd68.jpg', 'https://res.cloudinary.com/dup598xiv/image/upload/v1681653976/clothesShop/product/daipiezswcrwml7nwdfw.jpg', 'Đen', '#000000'),
('N6iu0gQJoKmM4', 'N6pSPnqf7Y7bU', 'https://res.cloudinary.com/dup598xiv/image/upload/v1681654861/clothesShop/product/uwn3xhntfl5nnpubegut.jpg', 'https://res.cloudinary.com/dup598xiv/image/upload/v1681654859/clothesShop/product/f30mwnoirzclfs0d1ldg.jpg', 'Trắng', '#ffffff'),
('N6iu2InKnqFir', 'N6p3skrWzDYxv', 'https://res.cloudinary.com/dup598xiv/image/upload/v1681634023/clothesShop/product/hsoxtocvndtuxngn8pdw.jpg', 'https://res.cloudinary.com/dup598xiv/image/upload/v1681634022/clothesShop/product/r1cyoylkazrgs3jj41gu.jpg', 'Trắng', '#ffffff'),
('N6iugKr5F1T8z', 'N6pVR8Lf9JkYn', 'https://res.cloudinary.com/dup598xiv/image/upload/v1681655613/clothesShop/product/qjxunokdbem0xczlvmcp.jpg', 'https://res.cloudinary.com/dup598xiv/image/upload/v1681655611/clothesShop/product/hkj5xduspgnmtbezmdpw.jpg', 'Trắng', '#ffffff'),
('N6iUhL7gRzUw8', 'N6p5ng6gXay5U', 'https://res.cloudinary.com/dup598xiv/image/upload/v1681629004/clothesShop/product/lpi8ceoypnxzo67nq1lf.jpg', 'https://res.cloudinary.com/dup598xiv/image/upload/v1681629003/clothesShop/product/deogiw6isx2pwaktuxrn.jpg', 'Hồng', '#ffc1c1'),
('N6iUpYqPuqfnP', 'N6p8JEtXcADyN', 'https://res.cloudinary.com/dup598xiv/image/upload/v1681631500/clothesShop/product/xj5b4xwzb6etfvaqwbg5.jpg', 'https://res.cloudinary.com/dup598xiv/image/upload/v1681631498/clothesShop/product/n485m2tfd4tj9tonjgkl.jpg', 'Đen', '#000000'),
('N6iv1TxXZm9nn', 'N6pj0z3UmjHHt', 'https://res.cloudinary.com/dup598xiv/image/upload/v1681632892/clothesShop/product/iibb2widfwmizddfc70n.jpg', 'https://res.cloudinary.com/dup598xiv/image/upload/v1681632891/clothesShop/product/aj0wxlw6ljyypsvxlnfr.jpg', 'Xanh Dương', '#87ceff'),
('N6iv3UaEIlfX3', 'N6p6p5NJIQSAf', 'https://res.cloudinary.com/dup598xiv/image/upload/v1681644541/clothesShop/product/rqub9ktaodwaodlzdygv.jpg', 'https://res.cloudinary.com/dup598xiv/image/upload/v1681644540/clothesShop/product/art31prfmqaplbbe7iw4.jpg', 'Trắng', '#ffffff'),
('N6iv6zoiPgsBy', 'N6p8JEtXcADyN', 'https://res.cloudinary.com/dup598xiv/image/upload/v1681631551/clothesShop/product/soqyjtjbln6x6ydehb0v.jpg', 'https://res.cloudinary.com/dup598xiv/image/upload/v1681631550/clothesShop/product/acghy1sswi2guh3ne5od.jpg', 'Be', '#ffd39b'),
('N6ivEGiEDOxiK', 'N6pwxyjoxTfgV', 'https://res.cloudinary.com/dup598xiv/image/upload/v1681654421/clothesShop/product/wxqqaaybgexyjidormwc.jpg', 'https://res.cloudinary.com/dup598xiv/image/upload/v1681654420/clothesShop/product/gpektt5zefqpakzaqm85.jpg', 'Xanh Rêu', '#cdc0b0'),
('N6iVeQYyQyxo6', 'N6p5ng6gXay5U', 'https://res.cloudinary.com/dup598xiv/image/upload/v1681629125/clothesShop/product/i7kqlogq9qfmehfxw27l.jpg', 'https://res.cloudinary.com/dup598xiv/image/upload/v1681629124/clothesShop/product/tzokf7p5njsm6yksoti3.jpg', 'Đen', '#000000'),
('N6ivqVrp0alN0', 'N6pNlK2rAwV5G', 'https://res.cloudinary.com/dup598xiv/image/upload/v1681634675/clothesShop/product/b7iy4itlhcythjqu3ea5.jpg', 'https://res.cloudinary.com/dup598xiv/image/upload/v1681634673/clothesShop/product/ehlqbbncyemm4h39zsyb.jpg', 'Hồng', '#ffc0cb'),
('N6iVRHKYQr2zo', 'N6p09GB8LCweE', 'https://res.cloudinary.com/dup598xiv/image/upload/v1681657220/clothesShop/product/iyftmrs2zwzp5ejgevvl.jpg', 'https://res.cloudinary.com/dup598xiv/image/upload/v1681657217/clothesShop/product/ebjzyyzzmshzivlexhyf.jpg', 'Be', '#ffe4c4'),
('N6ivtyKTzBjl4', 'N6pytqLVSOOKL', 'https://res.cloudinary.com/dup598xiv/image/upload/v1681643792/clothesShop/product/wxwk6to9gd2rejbqipni.jpg', 'https://res.cloudinary.com/dup598xiv/image/upload/v1681643791/clothesShop/product/psm1nkalyndzcgzg2ccp.jpg', 'Đen', '#000000'),
('N6iw68sfjl3uo', 'N6pfeP5OJxYXb', 'https://res.cloudinary.com/dup598xiv/image/upload/v1681656413/clothesShop/product/fytvpit6xmvyfhcc4qjd.jpg', 'https://res.cloudinary.com/dup598xiv/image/upload/v1681656410/clothesShop/product/d5kluolg6vvfbyx39nhb.jpg', 'Xanh Bạc Hà', '#98f5ff'),
('N6iW6TUWFBYzD', 'N6pWBn0ql8unm', 'https://res.cloudinary.com/dup598xiv/image/upload/v1681655882/clothesShop/product/dtr0kf6qnup0wrv9fe1g.jpg', 'https://res.cloudinary.com/dup598xiv/image/upload/v1681655879/clothesShop/product/mmto9kerfiqrmdfkvqfs.jpg', 'Đỏ', '#ee0000'),
('N6iWaNYe49tym', 'N6pcaWgH4yhUm', 'https://res.cloudinary.com/dup598xiv/image/upload/v1681632694/clothesShop/product/d88bx0wyczxhsf3lkxxd.jpg', 'https://res.cloudinary.com/dup598xiv/image/upload/v1681632693/clothesShop/product/eorwtoekriojsec4hnow.jpg', 'Đen', '#000000'),
('N6iwGxViDeOai', 'N6pbs4FBI0Ppo', 'https://res.cloudinary.com/dup598xiv/image/upload/v1681657408/clothesShop/product/k63dpkz0lbg5b1oyiokm.jpg', 'https://res.cloudinary.com/dup598xiv/image/upload/v1681657400/clothesShop/product/ts6bf8jh5r4xlvgsnexc.jpg', 'Đen', '#000000'),
('N6iWmjDgMa8e7', 'N6pWciWIk96rz', 'https://res.cloudinary.com/dup598xiv/image/upload/v1681645438/clothesShop/product/ifbl4lplczah58tjv36h.jpg', 'https://res.cloudinary.com/dup598xiv/image/upload/v1681645437/clothesShop/product/ongldw3z0tx58eoekqto.jpg', 'Trắng', '#ffffff'),
('N6iWnPnPe5AyN', 'N6px8BV4wtvig', 'https://res.cloudinary.com/dup598xiv/image/upload/v1681657737/clothesShop/product/nwvog3wbbn9bxmhh4aqc.jpg', 'https://res.cloudinary.com/dup598xiv/image/upload/v1681657731/clothesShop/product/edsmgsxxxul8oxixi313.jpg', 'Trắng ', '#ffffff'),
('N6iwsDLc261tA', 'N6plKXTK8tUmk', 'https://res.cloudinary.com/dup598xiv/image/upload/v1681656966/clothesShop/product/qabxjn716dn19nxxpiiq.jpg', 'https://res.cloudinary.com/dup598xiv/image/upload/v1681656962/clothesShop/product/ph9rl2sao41zynmcqfgr.jpg', 'Hồng', '#ffc1c1'),
('N6iWsnfocqWyo', 'N6pcaWgH4yhUm', 'https://res.cloudinary.com/dup598xiv/image/upload/v1681632641/clothesShop/product/l3wzplfrxblhxv2elkk6.jpg', 'https://res.cloudinary.com/dup598xiv/image/upload/v1681632640/clothesShop/product/q4fdothxkaivlzml8uar.jpg', 'Trắng', '#ffffff'),
('N6iwupicXcx5I', 'N6pTlqFuHOHyk', 'https://res.cloudinary.com/dup598xiv/image/upload/v1681658800/clothesShop/product/snaniacqzsiqhxqyr3kk.jpg', 'https://res.cloudinary.com/dup598xiv/image/upload/v1681658796/clothesShop/product/trpilzbga30tq7dzdql8.jpg', 'Trắng', '#ffffff'),
('N6iWX4vPmmQeh', 'N6poA4vOsmmYF', 'https://res.cloudinary.com/dup598xiv/image/upload/v1681644798/clothesShop/product/cnvrj1gid6m6n6goydty.jpg', 'https://res.cloudinary.com/dup598xiv/image/upload/v1681644798/clothesShop/product/dkzip0xysyhs0ng0lnd0.jpg', 'Đen', '#000000'),
('N6iWY9JKwvGry', 'N6p0f5A7qfA1k', 'https://res.cloudinary.com/dup598xiv/image/upload/v1681632295/clothesShop/product/a762wqkcmlrsd11dar2f.jpg', 'https://res.cloudinary.com/dup598xiv/image/upload/v1681632294/clothesShop/product/lj36auadl7fm3q3gfl9t.jpg', 'Đen', '#000000'),
('N6ixbF20NsU1b', 'N6pBP06rPDDIF', 'https://res.cloudinary.com/dup598xiv/image/upload/v1681647050/clothesShop/product/by9lwb9qhgerxz7lgs4g.jpg', 'https://res.cloudinary.com/dup598xiv/image/upload/v1681647048/clothesShop/product/lryfixq82oir4gklsttu.jpg', 'Nâu', '#8b7765'),
('N6ixDLi1VG2GG', 'N6pgliJpYhV0p', 'https://res.cloudinary.com/dup598xiv/image/upload/v1681656079/clothesShop/product/qk3a1qxsy7a3rkfjoqkx.jpg', 'https://res.cloudinary.com/dup598xiv/image/upload/v1681656077/clothesShop/product/vpmffoqxgdnwohrun5yc.jpg', 'Hồng', '#ffc0cb'),
('N6ixFvBSZeJej', 'N6pNlK2rAwV5G', 'https://res.cloudinary.com/dup598xiv/image/upload/v1681634718/clothesShop/product/qzmwi3clxqt58dtzdfii.jpg', 'https://res.cloudinary.com/dup598xiv/image/upload/v1681634716/clothesShop/product/m30guyjl9fvfky403u4s.jpg', 'Trắng', '#ffffff'),
('N6ixRXZ4d7SOO', 'N6pmkrU8HC1Gh', 'https://res.cloudinary.com/dup598xiv/image/upload/v1681658412/clothesShop/product/yhxe6fvsnsizxzilyi1k.jpg', 'https://res.cloudinary.com/dup598xiv/image/upload/v1681658408/clothesShop/product/hr5l0mh2hnwtvhorc6dc.jpg', 'Đen', '#000000'),
('N6iXue041Xq4Z', 'N6pw5yIczZSoj', 'https://res.cloudinary.com/dup598xiv/image/upload/v1681656567/clothesShop/product/hxl4bqoykaowpoahdznt.jpg', 'https://res.cloudinary.com/dup598xiv/image/upload/v1681656563/clothesShop/product/nhr5lxbgmuii1dhg1wq0.jpg', 'Trắng', '#ffffff'),
('N6iXuVbiXuXoD', 'N6p3iVnvJPstw', 'https://res.cloudinary.com/dup598xiv/image/upload/v1681635223/clothesShop/product/yr6glu1qatatsbwrzdbi.jpg', 'https://res.cloudinary.com/dup598xiv/image/upload/v1681635221/clothesShop/product/q767wd7dk9euidi0lpra.jpg', 'Trắng', '#ffffff'),
('N6iXXED3QYxII', 'N6paGbgEY3sAJ', 'https://res.cloudinary.com/dup598xiv/image/upload/v1681643360/clothesShop/product/jhjnthv93dnlxuwncjzx.jpg', 'https://res.cloudinary.com/dup598xiv/image/upload/v1681643359/clothesShop/product/dujncz3ovx6qzorpw6qe.jpg', 'Trắng', '#ffffff'),
('N6iy2ZP1mfTwp', 'N6pFToLMiVwEB', 'https://res.cloudinary.com/dup598xiv/image/upload/v1681655433/clothesShop/product/tctbflh0jnguul2ckwdt.jpg', 'https://res.cloudinary.com/dup598xiv/image/upload/v1681655434/clothesShop/product/ypw8wzxeyj9fe7melgb7.jpg', 'Đen', '#000000'),
('N6iYSIIIGd7f0', 'N6pMUppvN5bOp', 'https://res.cloudinary.com/dup598xiv/image/upload/v1681644690/clothesShop/product/dsckyk7im9aq08llc1cq.jpg', 'https://res.cloudinary.com/dup598xiv/image/upload/v1681644689/clothesShop/product/zk518ugcbhg5zjvesz9t.jpg', 'Trắng', '#ffffff'),
('N6iyTLmPbKBxr', 'N6pYmuGsR2BjK', 'https://res.cloudinary.com/dup598xiv/image/upload/v1681636621/clothesShop/product/l8ml9uxnbo4r1mcpnobh.jpg', 'https://res.cloudinary.com/dup598xiv/image/upload/v1681636620/clothesShop/product/wg5vnnma05ojr3m3bru9.jpg', 'Đen', '#000000'),
('N6iyVQfGMKtDh', 'N6pYtnOl4X5B0', 'https://res.cloudinary.com/dup598xiv/image/upload/v1681644936/clothesShop/product/fpbibnnbtwa1gr1vmsy4.jpg', 'https://res.cloudinary.com/dup598xiv/image/upload/v1681644936/clothesShop/product/mekgl8am3safg440lxcg.jpg', 'Trắng', '#ffffff'),
('N6iyyLgkmggJe', 'N6piP3TwukkR5', 'https://res.cloudinary.com/dup598xiv/image/upload/v1681655026/clothesShop/product/ybeamcaxe8soaytmtci3.jpg', 'https://res.cloudinary.com/dup598xiv/image/upload/v1681655030/clothesShop/product/euxdgvfimhletnvxzkj1.jpg', 'Đỏ', '#dc143c'),
('N6iZ0KjYyQnxU', 'N6pwsHiEuKVF5', 'https://res.cloudinary.com/dup598xiv/image/upload/v1681637370/clothesShop/product/t6hnux336euqv1hyo4o0.jpg', 'https://res.cloudinary.com/dup598xiv/image/upload/v1681637370/clothesShop/product/ftdrsqjobfd7azoobkzd.jpg', 'Trắng', '#ffffff'),
('N6iZ9AP8P4rxa', 'N6pdhGNYSwxSK', 'https://res.cloudinary.com/dup598xiv/image/upload/v1681633774/clothesShop/product/kbl82eso5faztlbbjtkr.jpg', 'https://res.cloudinary.com/dup598xiv/image/upload/v1681633774/clothesShop/product/e9wsffz5o2h4xahzajmi.jpg', 'Xanh Lá', '#90ee90'),
('N6izbWo031FIt', 'N6pm0Vai2NxYr', 'https://res.cloudinary.com/dup598xiv/image/upload/v1681658712/clothesShop/product/jtvebvnkixiqigokaknj.jpg', 'https://res.cloudinary.com/dup598xiv/image/upload/v1681658710/clothesShop/product/gjlksxlpeyjc4hissqlg.jpg', 'Đen', '#000000'),
('N6izc4fHTIC4X', 'N6pFtLiszDtdt', 'https://res.cloudinary.com/dup598xiv/image/upload/v1681635896/clothesShop/product/q3b4tlfn4ijcjtoo5ezg.jpg', 'https://res.cloudinary.com/dup598xiv/image/upload/v1681635895/clothesShop/product/xs1ihiy08o4wavoxhr3p.jpg', 'Đen', '#000000'),
('N6iZElHHD0cVv', 'N6pwsHiEuKVF5', 'https://res.cloudinary.com/dup598xiv/image/upload/v1681637406/clothesShop/product/ys8ysllpjfksup67isfz.jpg', 'https://res.cloudinary.com/dup598xiv/image/upload/v1681637405/clothesShop/product/v1zjehigtazqicfbqnat.jpg', 'Vàng', '#ffc125'),
('N6iZfEmW5MFVc', 'N6p4lsHe4EG6d', 'https://res.cloudinary.com/dup598xiv/image/upload/v1681631375/clothesShop/product/c9lslpcrwl1y2ewruocn.jpg', 'https://res.cloudinary.com/dup598xiv/image/upload/v1681631374/clothesShop/product/snyqhlvt0pgayaddljaz.jpg', 'Đen', '#000000'),
('N6izgoT5tWjjn', 'N6pFNXNTN6AnT', 'https://res.cloudinary.com/dup598xiv/image/upload/v1681654692/clothesShop/product/mcypubhnubhqj35yzx6l.jpg', 'https://res.cloudinary.com/dup598xiv/image/upload/v1681654691/clothesShop/product/ihgoc8b3qe2quphvcoos.jpg', 'Be', '#ffe4c4'),
('N6iKuFUxU4JfR', 'N6pfgRNEaISKT', 'https://res.cloudinary.com/dup598xiv/image/upload/v1682306751/clothesShop/product/ga6kfjqiyqoicoc4xj7j.jpg', 'https://res.cloudinary.com/dup598xiv/image/upload/v1682306751/clothesShop/product/s8oqepsadzuzegelucnf.jpg', 'Xám', '#f5f5f5'),
('N6iRBzvfkZfA0', 'N6pfgRNEaISKT', 'https://res.cloudinary.com/dup598xiv/image/upload/v1682306794/clothesShop/product/gf3t2ynrxwkevgnncxec.jpg', 'https://res.cloudinary.com/dup598xiv/image/upload/v1682306793/clothesShop/product/upioktvfcdegthubugkg.jpg', 'Trắng', '#ffffff'),
('N6ieQ7hP3brDD', 'N6pj41MTLm0VD', 'https://res.cloudinary.com/dup598xiv/image/upload/v1682306505/clothesShop/product/mkl8gm4ay5lgcdj9ysco.jpg', 'https://res.cloudinary.com/dup598xiv/image/upload/v1682306504/clothesShop/product/ddrazmxx0mbko9xg6poh.jpg', 'Be', '#ffcc99'),
('N6i7L5YyXKV7y', 'N6pj41MTLm0VD', 'https://res.cloudinary.com/dup598xiv/image/upload/v1682306541/clothesShop/product/wa1b3kh10zqouaoh32br.jpg', 'https://res.cloudinary.com/dup598xiv/image/upload/v1682306540/clothesShop/product/bqrxaoybprtssxiup4px.jpg', 'Nâu', '#8b4500'),
('N6iZrjCThZaJn', 'N6pwVDAuL1TWK', 'https://res.cloudinary.com/dup598xiv/image/upload/v1681647179/clothesShop/product/qazdof6eg7npdcldj9ky.jpg', 'https://res.cloudinary.com/dup598xiv/image/upload/v1681647178/clothesShop/product/fb7mvztlxewhyhlwauvk.jpg', 'Be', '#ffe4c4');

-- ---------- SIZE -----------
insert into size (sizeId,sizeName)
values
('S001','S'),
('S002','M'),
('S003','L'),
('S004','FreeSize'),
('S005','MixSize');

-- ---------- INVENTORY -----------
insert into inventory (itemId,sizeId,quantity)
values
('N6iHYu0F2TnoO','S001',200),
('N6iHYu0F2TnoO','S002',200),
('N6iHYu0F2TnoO','S003',200),
('N6iHYu0F2TnoO','S004',200),
('N6ihLB1v6HMgK','S001',200),
('N6ihLB1v6HMgK','S002',200),
('N6ihLB1v6HMgK','S003',200),
('N6ihLB1v6HMgK','S004',200),
('N6ilfeDqizGer','S005',200),
('N6iHzo9GWD6FR','S005',200),
('N6imgOM738POV','S005',200),
('N6ih1TRJFVlPi','S005',200),
('N6iCDM5CRW3VU','S001',200),
('N6iCDM5CRW3VU','S002',200),
('N6iCDM5CRW3VU','S003',200),
('N6i18DmDEovbD','S001',200),
('N6i18DmDEovbD','S002',200),
('N6i18DmDEovbD','S003',200),
('N6if6uqCqgVtA','S001',200),
('N6if6uqCqgVtA','S002',200),
('N6iNJCULzVL0t','S001',200),
('N6iNJCULzVL0t','S002',200),
('N6i8Xy0wb1BTl','S001',200),
('N6i8Xy0wb1BTl','S002',200),
('N6i8Xy0wb1BTl','S003',200),
('N6ivtyKTzBjl4','S001',200),
('N6ivtyKTzBjl4','S002',200),
('N6ivtyKTzBjl4','S003',200),
('N6iyVQfGMKtDh','S001',200),
('N6iyVQfGMKtDh','S002',200),
('N6iyVQfGMKtDh','S003',200),
('N6ifxdOvjE6IM','S001',200),
('N6ifxdOvjE6IM','S002',200),
('N6ifxdOvjE6IM','S003',200),
('N6iCqOR5IlI2n','S001',200),
('N6iCqOR5IlI2n','S002',200),
('N6iCqOR5IlI2n','S003',200),
('N6ibBliCb2aNM','S001',200),
('N6ibBliCb2aNM','S002',200),
('N6ibBliCb2aNM','S003',200),
('N6i6NiFGsQzwo','S001',200),
('N6i6NiFGsQzwo','S002',200),
('N6ib95v0ieSOB','S001',200),
('N6ib95v0ieSOB','S002',200),
('N6iyTLmPbKBxr','S004',200),
('N6iPw4pxDF32L','S004',200),
('N6i2VbEI7v6w8','S004',200),
('N6iMbYxR3DTll','S004',200),
('N6ihOfqw1pXCg','S001',200),
('N6ihOfqw1pXCg','S002',200),
('N6ihOfqw1pXCg','S003',200),
('N6i6xYT1DaJkW','S001',200),
('N6i6xYT1DaJkW','S002',200),
('N6i6xYT1DaJkW','S003',200),
('N6iaxCNNzBV54','S004',200),
('N6ihCk5roY399','S004',200),
('N6iPlduJHZfOx','S001',200),
('N6iPlduJHZfOx','S002',200),
('N6iPlduJHZfOx','S003',200),
('N6iR63pynfZK2','S001',200),
('N6iR63pynfZK2','S002',200),
('N6iR63pynfZK2','S003',200),
('N6iRgjjJY4dNe','S001',200),
('N6iRgjjJY4dNe','S002',200),
('N6iRgjjJY4dNe','S003',200),
('N6iKtOtD6FTEF','S001',200),
('N6iKtOtD6FTEF','S002',200),
('N6iKtOtD6FTEF','S003',200),
('N6iWnPnPe5AyN','S001',200),
('N6iWnPnPe5AyN','S002',200),
('N6iWnPnPe5AyN','S003',200),
('N6i6t83FFH3eJ','S001',200),
('N6i6t83FFH3eJ','S002',200),
('N6i6t83FFH3eJ','S003',200),
('N6iiFaCydEoNA','S001',200),
('N6iiFaCydEoNA','S002',200),
('N6iiFaCydEoNA','S003',200),
('N6i06psSymNrD','S001',200),
('N6i06psSymNrD','S002',200),
('N6i06psSymNrD','S003',200),
('N6ioR9TqUXhEO','S001',200),
('N6ioR9TqUXhEO','S002',200),
('N6ioR9TqUXhEO','S003',200),
('N6ivEGiEDOxiK','S001',200),
('N6ivEGiEDOxiK','S002',200),
('N6ivEGiEDOxiK','S003',200),
('N6iZrjCThZaJn','S001',200),
('N6iZrjCThZaJn','S002',200),
('N6iZrjCThZaJn','S003',200),
('N6ietglijQ4FK','S001',200),
('N6ietglijQ4FK','S002',200),
('N6ietglijQ4FK','S003',200),
('N6iZElHHD0cVv','S004',200),
('N6iZ0KjYyQnxU','S004',200),
('N6irXKC5MnHgF','S004',200),
('N6iWmjDgMa8e7','S004',200),
('N6iiGhAutNC14','S001',200),
('N6iiGhAutNC14','S002',200),
('N6iiGhAutNC14','S003',200),
('N6iW6TUWFBYzD','S001',200),
('N6iW6TUWFBYzD','S002',200),
('N6iW6TUWFBYzD','S003',200),
('N6imDSrLwGAv2','S004',200),
('N6iXue041Xq4Z','S004',200),
('N6iugKr5F1T8z','S001',200),
('N6iugKr5F1T8z','S002',200),
('N6iugKr5F1T8z','S003',200),
('N6iMLuR08zFWO','S001',200),
('N6iMLuR08zFWO','S002',200),
('N6iMLuR08zFWO','S003',200),
('N6iTLKnAwdhI2','S004',200),
('N6iTbK9l5ETik','S004',200),
('N6it0spgZRset','S004',200),
('N6iG5Hc4cQlWE','S004',200),
('N6iwupicXcx5I','S001',200),
('N6iwupicXcx5I','S002',200),
('N6iwupicXcx5I','S003',200),
('N6isxFIwIicXv','S001',200),
('N6isxFIwIicXv','S002',200),
('N6isxFIwIicXv','S003',200),
('N6iu0gQJoKmM4','S001',200),
('N6iu0gQJoKmM4','S002',200),
('N6iu0gQJoKmM4','S003',200),
('N6isczagdbI1Y','S001',200),
('N6isczagdbI1Y','S002',200),
('N6isczagdbI1Y','S003',200),
('N6iQSll16kCLn','S005',200),
('N6ifl6t8CjXMZ','S005',200),
('N6i4lD8DEoA9Y','S004',200),
('N6iAOcuSHJfd4','S004',200),
('N6ic7Ef4paKjy','S004',200),
('N6iLAsw8omKrx','S004',200),
('N6iCWeYbJ5AHO','S001',200),
('N6iCWeYbJ5AHO','S002',200),
('N6ify7Pq5rHSj','S001',200),
('N6ify7Pq5rHSj','S002',200),
('N6i6dLt7xnc2T','S004',200),
('N6iosR4Q8ODbV','S004',200),
('N6iOcWHDsCKmq','S004',200),
('N6irtpeDt12Wa','S001',200),
('N6irtpeDt12Wa','S002',200),
('N6irtpeDt12Wa','S003',200),
('N6iWX4vPmmQeh','S001',200),
('N6iWX4vPmmQeh','S002',200),
('N6iWX4vPmmQeh','S003',200),
('N6ivqVrp0alN0','S004',200),
('N6ixFvBSZeJej','S004',200),
('N6iNdlFh4Bcj4','S004',200),
('N6ilvxCgKmzT9','S004',200),
('N6iYSIIIGd7f0','S001',200),
('N6iYSIIIGd7f0','S002',200),
('N6inslLarrHsb','S001',200),
('N6inslLarrHsb','S002',200),
('N6iRvFDVmFmq9','S004',200),
('N6i31bP1IxUkb','S004',200),
('N6iKRigR23D9Q','S001',200),
('N6iKRigR23D9Q','S002',200),
('N6iKRigR23D9Q','S003',200),
('N6ixRXZ4d7SOO','S001',200),
('N6ixRXZ4d7SOO','S002',200),
('N6ixRXZ4d7SOO','S003',200),
('N6ipHZami5s5B','S001',200),
('N6ipHZami5s5B','S002',200),
('N6ipHZami5s5B','S003',200),
('N6i0FLEtfHRNt','S001',200),
('N6i0FLEtfHRNt','S002',200),
('N6i0FLEtfHRNt','S003',200),
('N6iN7Q4Ff1VlP','S004',200),
('N6io6IYX8yzI8','S004',200),
('N6ie6voWcI7m5','S004',200),
('N6ilXTlXlQYdX','S004',200),
('N6i7pwFIrqBeh','S001',200),
('N6i7pwFIrqBeh','S002',200),
('N6i7pwFIrqBeh','S003',200),
('N6izbWo031FIt','S001',200),
('N6izbWo031FIt','S002',200),
('N6izbWo031FIt','S003',200),
('N6iwsDLc261tA','S004',200),
('N6iJds7wFiGLN','S004',200),
('N6iG53LDdVocU','S004',200),
('N6is5L5mQsE84','S004',200),
('N6i2aL0HrDYU3','S001',200),
('N6i2aL0HrDYU3','S002',200),
('N6i2aL0HrDYU3','S003',200),
('N6iOnRejNbo2i','S001',200),
('N6iOnRejNbo2i','S002',200),
('N6iOnRejNbo2i','S003',200),
('N6i2h3x0gIUJ6','S001',200),
('N6i2h3x0gIUJ6','S002',200),
('N6i5I1HdKZG3k','S001',200),
('N6i5I1HdKZG3k','S002',200),
('N6i7L5YyXKV7y','S004',200),
('N6ieQ7hP3brDD','S004',200),
('N6iv1TxXZm9nn','S004',200),
('N6i2MuSyJ8kM3','S004',200),
('N6ies66WSeBVP','S004',200),
('N6iNOPCuQPDrJ','S004',200),
('N6iyyLgkmggJe','S001',200),
('N6iyyLgkmggJe','S002',200),
('N6iyyLgkmggJe','S003',200),
('N6ijWvMX79DSI','S001',200),
('N6ijWvMX79DSI','S002',200),
('N6ijWvMX79DSI','S003',200),
('N6iSzjdizsDHO','S004',200),
('N6icllaDjV6P9','S004',200),
('N6ibgxnzVZIKU','S001',200),
('N6ibgxnzVZIKU','S002',200),
('N6ibgxnzVZIKU','S003',200),
('N6iNEzuoqE8XJ','S001',200),
('N6iNEzuoqE8XJ','S002',200),
('N6iNEzuoqE8XJ','S003',200),
('N6ifmbtockgG0','S004',200),
('N6i1T7HWjwMh4','S004',200),
('N6ihkvH7MiSKy','S004',200),
('N6iPm7gM3MuwR','S004',200),
('N6iMBnBxp2cd1','S004',200),
('N6iaQZ7S93zNA','S004',200),
('N6ixDLi1VG2GG','S001',200),
('N6ixDLi1VG2GG','S002',200),
('N6iptrL5LL5Wm','S001',200),
('N6iptrL5LL5Wm','S002',200),
('N6ijSyKBXDtVn','S001',200),
('N6ijSyKBXDtVn','S002',200),
('N6itHG3SEvrN1','S001',200),
('N6itHG3SEvrN1','S002',200),
('N6iO0grYJSZUp','S004',200),
('N6iqpnbeZtJ6S','S004',200),
('N6iKqnSDGVjkh','S004',200),
('N6iJiYQVMLZCi','S004',200),
('N6io5eCc2Q0Oh','S004',200),
('N6iey1mtothjV','S004',200),
('N6iy2ZP1mfTwp','S004',200),
('N6iHD6K4adNHi','S004',200),
('N6izc4fHTIC4X','S004',200),
('N6iL3og3uC8g5','S004',200),
('N6i4jvvKIIuJ5','S004',200),
('N6izgoT5tWjjn','S004',200),
('N6iKuFUxU4JfR','S004',200),
('N6iRBzvfkZfA0','S004',200),
('N6i6cX6FFqdDJ','S001',200),
('N6i6cX6FFqdDJ','S002',200),
('N6i6cX6FFqdDJ','S003',200),
('N6i0POkGmAB8p','S001',200),
('N6i0POkGmAB8p','S002',200),
('N6i0POkGmAB8p','S003',200),
('N6itCayLu1jMa','S001',200),
('N6itCayLu1jMa','S002',200),
('N6iw68sfjl3uo','S001',200),
('N6iw68sfjl3uo','S002',200),
('N6iZ9AP8P4rxa','S004',200),
('N6i9WSLAkb7xp','S004',200),
('N6iFMlWNSQYk0','S001',200),
('N6iFMlWNSQYk0','S002',200),
('N6iFMlWNSQYk0','S003',200),
('N6iFMlWNSQYk0','S005',200),
('N6iKlZ1sRfRGR','S001',200),
('N6iKlZ1sRfRGR','S002',200),
('N6iKlZ1sRfRGR','S003',200),
('N6iKlZ1sRfRGR','S005',200), -- chân váy kaki xẻ 1 bên
('N6iMipkkcjexS','S001',200),
('N6iMipkkcjexS','S002',200),
('N6iMipkkcjexS','S003',200),
('N6imhIFnzTm60','S001',200),
('N6imhIFnzTm60','S002',200),
('N6imhIFnzTm60','S003',200),
('N6iWaNYe49tym','S001',200),
('N6iWaNYe49tym','S002',200),
('N6iWsnfocqWyo','S001',200),
('N6iWsnfocqWyo','S002',200),
('N6iwGxViDeOai','S001',200),
('N6iwGxViDeOai','S002',200),
('N6ii4US7uTVUU','S001',200),
('N6ii4US7uTVUU','S002',200),
('N6ixbF20NsU1b','S001',200),
('N6ixbF20NsU1b','S002',200),
('N6i8Y2qEgRHOC','S001',200),
('N6i8Y2qEgRHOC','S002',200),
('N6ihnlvvQ3UWy','S001',200),
('N6ihnlvvQ3UWy','S002',200),
('N6iRzRbNzhLZX','S001',200),
('N6iRzRbNzhLZX','S002',200),
('N6iIpmS9mHKNj','S001',200),
('N6iIpmS9mHKNj','S002',200),
('N6iIpmS9mHKNj','S003',200),
('N6iIpmS9mHKNj','S004',200),
('N6idlWLdOOEAI','S001',200),
('N6idlWLdOOEAI','S002',200),
('N6idlWLdOOEAI','S003',200),
('N6idlWLdOOEAI','S004',200),
('N6iTvtfuBz0gP','S001',200),
('N6iTvtfuBz0gP','S002',200),
('N6iTvtfuBz0gP','S003',200),
('N6iBOT3f9S2vA','S001',200),
('N6iBOT3f9S2vA','S002',200),
('N6iBOT3f9S2vA','S003',200),
('N6i8hvH4BV0pO','S001',200),
('N6i8hvH4BV0pO','S002',200),
('N6i8hvH4BV0pO','S003',200),
('N6iXXED3QYxII','S001',200),
('N6iXXED3QYxII','S002',200),
('N6iXXED3QYxII','S003',200),
('N6i4dBRRuEe02','S001',200),
('N6i4dBRRuEe02','S002',200),
('N6i4dBRRuEe02','S003',200),
('N6iAsOA011Key','S001',200),
('N6iAsOA011Key','S002',200),
('N6iAsOA011Key','S003',200),
('N6ihAS1giaHz8','S004',200),
('N6i1FYJTDN5SR','S004',200),
('N6i86aQXGImR6','S004',200),
('N6ihKrNmXu7aO','S001',200),
('N6ihKrNmXu7aO','S002',200),
('N6ihKrNmXu7aO','S003',200),
('N6iLcM1LDRe3F','S001',200),
('N6iLcM1LDRe3F','S002',200),
('N6iLcM1LDRe3F','S003',200),
('N6iUpYqPuqfnP','S004',200),
('N6iv6zoiPgsBy','S004',200),
('N6iltVZs6JxqF','S004',200),
('N6iv3UaEIlfX3','S004',200),
('N6iVeQYyQyxo6','S004',200),
('N6iUhL7gRzUw8','S004',200),
('N6iZfEmW5MFVc','S004',200),
('N6i6IJH29ANpy','S004',200),
('N6iabTn7bz0QH','S004',200),
('N6iQ1OGWQNSBS','S004',200),
('N6infCM7ECf8d','S004',200),
('N6iCrPUU9TynK','S004',200),
('N6i0VdCBixvSd','S004',200),
('N6iu2InKnqFir','S004',200),
('N6i5hk4QUALg9','S004',200),
('N6iR2RoR4GDup','S004',200),
('N6i7856FhkqvF','S004',200),
('N6iXuVbiXuXoD','S004',200),
('N6idf11PyFW0z','S004',200),
('N6ioKOZToe9AD','S004',200),
('N6ilbcZiNNcZe','S004',200),
('N6iBk60yS1vrI','S004',200),
('N6iWY9JKwvGry','S001',200),
('N6iWY9JKwvGry','S002',200),
('N6isYwLUkTZcs','S001',200),
('N6isYwLUkTZcs','S002',200),
('N6iVRHKYQr2zo','S004',200),
('N6i4JxIrnpTjN','S004',200),
('N6ihbISZ97F55','S001',200), 
('N6ihbISZ97F55','S002',200),
('N6ihbISZ97F55','S003',200),
('N6iRY1mkgc4fs','S001',200),
('N6iRY1mkgc4fs','S002',200),
('N6iRY1mkgc4fs','S003',200);









